prediction_id,analyst_id
f13c5682-5b61-43b8-840d-2276892920f9,490c0d9c-3d52-42ac-8ed7-5d9117161ff8
64a8a59f-bd4e-4f16-96f7-635ac47c7a2c,9d84da3b-d89b-41d5-92d6-42aee2ba23fe
64a8a59f-bd4e-4f16-96f7-635ac47c7a2c,490c0d9c-3d52-42ac-8ed7-5d9117161ff8
64a8a59f-bd4e-4f16-96f7-635ac47c7a2c,cdf85f70-3160-4363-bb7c-02ada933bd22
6714e3fa-c38d-41e5-ad2b-17c84268b0af,8e368306-8669-4597-b1bb-77b9f69e7641
6714e3fa-c38d-41e5-ad2b-17c84268b0af,8e368306-8669-4597-b1bb-77b9f69e7641
6714e3fa-c38d-41e5-ad2b-17c84268b0af,a6b8678e-56e1-4fc2-a106-7e5819b94a9c
0c053f7e-b9a4-4e32-aa46-41761a6b0931,490c0d9c-3d52-42ac-8ed7-5d9117161ff8
0c053f7e-b9a4-4e32-aa46-41761a6b0931,42b80c2a-0d8f-435e-8a47-19d96fc77591
0e22138d-1cd6-407b-8ecb-3cd23e65d716,ee57dd72-4389-4137-ad42-58693da3aee0
0e22138d-1cd6-407b-8ecb-3cd23e65d716,41136dd4-2faa-42ac-9015-2c022946b036
0e22138d-1cd6-407b-8ecb-3cd23e65d716,42b80c2a-0d8f-435e-8a47-19d96fc77591
c415e962-ef55-4a10-bf80-68b7aa2f8f70,ee57dd72-4389-4137-ad42-58693da3aee0
c415e962-ef55-4a10-bf80-68b7aa2f8f70,42b80c2a-0d8f-435e-8a47-19d96fc77591
c415e962-ef55-4a10-bf80-68b7aa2f8f70,a13a78b3-645e-476f-b04e-23c93c220fc1
bc16c49f-e733-4636-a429-85398f51a707,cdf85f70-3160-4363-bb7c-02ada933bd22
bc16c49f-e733-4636-a429-85398f51a707,9d84da3b-d89b-41d5-92d6-42aee2ba23fe
544b6738-2ac5-419d-9119-62e0ebf1f2f9,412b9088-7333-4c63-8568-85b337d9cebb
544b6738-2ac5-419d-9119-62e0ebf1f2f9,9d84da3b-d89b-41d5-92d6-42aee2ba23fe
de4973c4-a200-43c3-a108-f1418bdd8a37,412b9088-7333-4c63-8568-85b337d9cebb
de4973c4-a200-43c3-a108-f1418bdd8a37,41136dd4-2faa-42ac-9015-2c022946b036
de4973c4-a200-43c3-a108-f1418bdd8a37,42b80c2a-0d8f-435e-8a47-19d96fc77591
bc18af86-83d4-489b-adbe-9ea3608711fa,9d84da3b-d89b-41d5-92d6-42aee2ba23fe
0aa749cf-b697-44f2-85ed-a5917b5b66bc,412b9088-7333-4c63-8568-85b337d9cebb
0aa749cf-b697-44f2-85ed-a5917b5b66bc,9d84da3b-d89b-41d5-92d6-42aee2ba23fe
ec48e957-7b20-4199-9e09-5a4f39aa77e4,ee57dd72-4389-4137-ad42-58693da3aee0
ec48e957-7b20-4199-9e09-5a4f39aa77e4,9d84da3b-d89b-41d5-92d6-42aee2ba23fe
13ee2447-47a0-4adf-80e7-60e97ac4af91,a13a78b3-645e-476f-b04e-23c93c220fc1
13ee2447-47a0-4adf-80e7-60e97ac4af91,a6b8678e-56e1-4fc2-a106-7e5819b94a9c
3100a7b5-6228-41cf-a086-cd5220afb630,42b80c2a-0d8f-435e-8a47-19d96fc77591
3100a7b5-6228-41cf-a086-cd5220afb630,a13a78b3-645e-476f-b04e-23c93c220fc1
3100a7b5-6228-41cf-a086-cd5220afb630,42b80c2a-0d8f-435e-8a47-19d96fc77591
7b75be98-07e8-46f4-bef6-c7cf10dd2789,412b9088-7333-4c63-8568-85b337d9cebb
7b75be98-07e8-46f4-bef6-c7cf10dd2789,42b80c2a-0d8f-435e-8a47-19d96fc77591
7ded7d76-4976-4d7f-a89a-d4dba278e44e,42b80c2a-0d8f-435e-8a47-19d96fc77591
c3bdc551-617f-4975-8359-e9d567bce99f,ee57dd72-4389-4137-ad42-58693da3aee0
243ab253-96cf-47b0-bf9b-13472fa63f37,41136dd4-2faa-42ac-9015-2c022946b036
243ab253-96cf-47b0-bf9b-13472fa63f37,a13a78b3-645e-476f-b04e-23c93c220fc1
8d31b6ba-ed84-4c60-a655-e4ca6d2309ef,490c0d9c-3d52-42ac-8ed7-5d9117161ff8
8d31b6ba-ed84-4c60-a655-e4ca6d2309ef,42b80c2a-0d8f-435e-8a47-19d96fc77591
8d31b6ba-ed84-4c60-a655-e4ca6d2309ef,ee57dd72-4389-4137-ad42-58693da3aee0
d1545aa1-61a0-48a4-82ee-47d7bf2767aa,cdf85f70-3160-4363-bb7c-02ada933bd22
d1545aa1-61a0-48a4-82ee-47d7bf2767aa,ee57dd72-4389-4137-ad42-58693da3aee0
d1545aa1-61a0-48a4-82ee-47d7bf2767aa,a13a78b3-645e-476f-b04e-23c93c220fc1
eb0a5af0-b51b-47b5-86b5-415b73ed50d8,cdf85f70-3160-4363-bb7c-02ada933bd22
eb0a5af0-b51b-47b5-86b5-415b73ed50d8,a13a78b3-645e-476f-b04e-23c93c220fc1
eb0a5af0-b51b-47b5-86b5-415b73ed50d8,490c0d9c-3d52-42ac-8ed7-5d9117161ff8
7dfc443d-ec3d-45d1-8c44-6f7f0ef40ca2,ee57dd72-4389-4137-ad42-58693da3aee0
7dfc443d-ec3d-45d1-8c44-6f7f0ef40ca2,412b9088-7333-4c63-8568-85b337d9cebb
7dfc443d-ec3d-45d1-8c44-6f7f0ef40ca2,9d84da3b-d89b-41d5-92d6-42aee2ba23fe
4cbe9731-bca9-48ef-b9fa-b92bbacf49cd,42b80c2a-0d8f-435e-8a47-19d96fc77591
4cbe9731-bca9-48ef-b9fa-b92bbacf49cd,8e368306-8669-4597-b1bb-77b9f69e7641
7d56ddcb-92be-4124-8a68-c95f90ceb878,8e368306-8669-4597-b1bb-77b9f69e7641
7d56ddcb-92be-4124-8a68-c95f90ceb878,ee57dd72-4389-4137-ad42-58693da3aee0
1566ddd8-c909-4d05-aa59-f1f4f9a10d0f,ee57dd72-4389-4137-ad42-58693da3aee0
6a9dfdbc-9332-4d22-8d18-d36f30a9d636,412b9088-7333-4c63-8568-85b337d9cebb
75aa41dc-4813-4465-a272-f92ae8c25603,412b9088-7333-4c63-8568-85b337d9cebb
75aa41dc-4813-4465-a272-f92ae8c25603,9d84da3b-d89b-41d5-92d6-42aee2ba23fe
155269f0-cfcb-4bcc-a79e-a01fdc2d8ad4,41136dd4-2faa-42ac-9015-2c022946b036
74f15a72-affb-4392-b4fa-05c6f8b48d89,a6b8678e-56e1-4fc2-a106-7e5819b94a9c
3d287da8-4e8c-48d1-9059-c734aec6c7c0,cdf85f70-3160-4363-bb7c-02ada933bd22
3d287da8-4e8c-48d1-9059-c734aec6c7c0,9d84da3b-d89b-41d5-92d6-42aee2ba23fe
c694ae63-3644-471d-849c-64716398c932,9d84da3b-d89b-41d5-92d6-42aee2ba23fe
efe50f35-e727-4a10-9418-3f20e33658d4,9d84da3b-d89b-41d5-92d6-42aee2ba23fe
9232abaa-280e-4dc7-873b-7419be905eec,a6b8678e-56e1-4fc2-a106-7e5819b94a9c
9232abaa-280e-4dc7-873b-7419be905eec,42b80c2a-0d8f-435e-8a47-19d96fc77591
9232abaa-280e-4dc7-873b-7419be905eec,a6b8678e-56e1-4fc2-a106-7e5819b94a9c
64d70014-9906-4765-b43b-bd3107e5a3cd,42b80c2a-0d8f-435e-8a47-19d96fc77591
64d70014-9906-4765-b43b-bd3107e5a3cd,ee57dd72-4389-4137-ad42-58693da3aee0
1aeb0fa4-c444-40a2-b224-83a94bb46cbe,cdf85f70-3160-4363-bb7c-02ada933bd22
855daf26-afaf-408d-8531-bdef346c12f8,a13a78b3-645e-476f-b04e-23c93c220fc1
855daf26-afaf-408d-8531-bdef346c12f8,a6b8678e-56e1-4fc2-a106-7e5819b94a9c
07accc64-c3ba-49d5-96f8-03a66d397c5a,41136dd4-2faa-42ac-9015-2c022946b036
ffb89113-7922-4013-b9bd-2485a0da2126,412b9088-7333-4c63-8568-85b337d9cebb
2468b638-05e5-4a3d-a029-4a401bc3ef48,490c0d9c-3d52-42ac-8ed7-5d9117161ff8
2468b638-05e5-4a3d-a029-4a401bc3ef48,a6b8678e-56e1-4fc2-a106-7e5819b94a9c
2468b638-05e5-4a3d-a029-4a401bc3ef48,a6b8678e-56e1-4fc2-a106-7e5819b94a9c
8781fe81-63e7-4192-b5d1-a7b122780bf0,cdf85f70-3160-4363-bb7c-02ada933bd22
8781fe81-63e7-4192-b5d1-a7b122780bf0,cdf85f70-3160-4363-bb7c-02ada933bd22
8781fe81-63e7-4192-b5d1-a7b122780bf0,42b80c2a-0d8f-435e-8a47-19d96fc77591
fb605af4-d604-4379-a664-6bb163b5f7fd,41136dd4-2faa-42ac-9015-2c022946b036
813fba9f-7d7a-4598-ba11-a60b823fd778,a13a78b3-645e-476f-b04e-23c93c220fc1
7c701b01-b5c3-48ef-8ac5-0c7a2f767ab9,42b80c2a-0d8f-435e-8a47-19d96fc77591
7c701b01-b5c3-48ef-8ac5-0c7a2f767ab9,a13a78b3-645e-476f-b04e-23c93c220fc1
c198d743-b7c7-48a3-a302-51b52cbcd76a,42b80c2a-0d8f-435e-8a47-19d96fc77591
c198d743-b7c7-48a3-a302-51b52cbcd76a,41136dd4-2faa-42ac-9015-2c022946b036
c9b6f39e-2e3b-4f71-94b8-5d31d3a689ce,cdf85f70-3160-4363-bb7c-02ada933bd22
d182af30-8b52-49b2-9340-b9956ddc8e17,8e368306-8669-4597-b1bb-77b9f69e7641
d182af30-8b52-49b2-9340-b9956ddc8e17,42b80c2a-0d8f-435e-8a47-19d96fc77591
49726890-72fa-4d59-84c7-84d2289d394b,9d84da3b-d89b-41d5-92d6-42aee2ba23fe
4dc64e63-2905-486a-bc22-ff2e287b9801,a6b8678e-56e1-4fc2-a106-7e5819b94a9c
4dc64e63-2905-486a-bc22-ff2e287b9801,ee57dd72-4389-4137-ad42-58693da3aee0
48194269-805f-46cd-807a-3ace2056fc3b,41136dd4-2faa-42ac-9015-2c022946b036
be83c65e-db1b-4303-996d-fdc02b11db5f,8e368306-8669-4597-b1bb-77b9f69e7641
be83c65e-db1b-4303-996d-fdc02b11db5f,ee57dd72-4389-4137-ad42-58693da3aee0
4076a67e-6317-4092-a553-fd9a65d4d50b,a6b8678e-56e1-4fc2-a106-7e5819b94a9c
4076a67e-6317-4092-a553-fd9a65d4d50b,42b80c2a-0d8f-435e-8a47-19d96fc77591
4076a67e-6317-4092-a553-fd9a65d4d50b,a13a78b3-645e-476f-b04e-23c93c220fc1
bfe3dbdd-94eb-4fc1-8fe1-22ed91b77325,9d84da3b-d89b-41d5-92d6-42aee2ba23fe
bfe3dbdd-94eb-4fc1-8fe1-22ed91b77325,412b9088-7333-4c63-8568-85b337d9cebb
bfe3dbdd-94eb-4fc1-8fe1-22ed91b77325,42b80c2a-0d8f-435e-8a47-19d96fc77591
96b815b7-d0d9-4bac-be13-40320bc77113,ee57dd72-4389-4137-ad42-58693da3aee0
7f33714e-e9d3-4d04-8bf0-24640b09b9bf,42b80c2a-0d8f-435e-8a47-19d96fc77591
7f33714e-e9d3-4d04-8bf0-24640b09b9bf,ee57dd72-4389-4137-ad42-58693da3aee0
7f33714e-e9d3-4d04-8bf0-24640b09b9bf,cdf85f70-3160-4363-bb7c-02ada933bd22
dd3850e0-a363-4eb1-985d-25906a96e2b0,cdf85f70-3160-4363-bb7c-02ada933bd22
6c1fd4c7-bdd8-4f50-940b-c2d3812e0444,8e368306-8669-4597-b1bb-77b9f69e7641
6c1fd4c7-bdd8-4f50-940b-c2d3812e0444,42b80c2a-0d8f-435e-8a47-19d96fc77591
64a65648-0918-460c-9f7a-8bca6cab7f51,490c0d9c-3d52-42ac-8ed7-5d9117161ff8
4dc4e03b-9184-4a13-bc79-0af7bcc17f25,9d84da3b-d89b-41d5-92d6-42aee2ba23fe
4dc4e03b-9184-4a13-bc79-0af7bcc17f25,ee57dd72-4389-4137-ad42-58693da3aee0
6838efb9-8562-497d-8f6d-00edb2373dbe,42b80c2a-0d8f-435e-8a47-19d96fc77591
6838efb9-8562-497d-8f6d-00edb2373dbe,42b80c2a-0d8f-435e-8a47-19d96fc77591
0c3a3d68-5d7f-4072-adb5-2c29401cafea,8e368306-8669-4597-b1bb-77b9f69e7641
0c3a3d68-5d7f-4072-adb5-2c29401cafea,41136dd4-2faa-42ac-9015-2c022946b036
13b06d1b-ff1f-443c-84e1-c880d0d1c884,cdf85f70-3160-4363-bb7c-02ada933bd22
13b06d1b-ff1f-443c-84e1-c880d0d1c884,8e368306-8669-4597-b1bb-77b9f69e7641
13b06d1b-ff1f-443c-84e1-c880d0d1c884,a13a78b3-645e-476f-b04e-23c93c220fc1
e0700ccc-4a98-4662-8422-3240765e734b,412b9088-7333-4c63-8568-85b337d9cebb
e0700ccc-4a98-4662-8422-3240765e734b,ee57dd72-4389-4137-ad42-58693da3aee0
e0700ccc-4a98-4662-8422-3240765e734b,a13a78b3-645e-476f-b04e-23c93c220fc1
3db9901a-453f-4d55-80b2-542630e1b761,41136dd4-2faa-42ac-9015-2c022946b036
3896326c-5850-4700-9a54-302dce1bf808,490c0d9c-3d52-42ac-8ed7-5d9117161ff8
3896326c-5850-4700-9a54-302dce1bf808,a13a78b3-645e-476f-b04e-23c93c220fc1
3896326c-5850-4700-9a54-302dce1bf808,41136dd4-2faa-42ac-9015-2c022946b036
d2e760f5-ba9d-4ff4-a076-152dedabd2f3,42b80c2a-0d8f-435e-8a47-19d96fc77591
91af7d74-cd8e-481b-a539-7913c63e14e9,9d84da3b-d89b-41d5-92d6-42aee2ba23fe
91af7d74-cd8e-481b-a539-7913c63e14e9,41136dd4-2faa-42ac-9015-2c022946b036
91af7d74-cd8e-481b-a539-7913c63e14e9,42b80c2a-0d8f-435e-8a47-19d96fc77591
62a7d91b-d04b-4764-812f-2e2898365e5d,41136dd4-2faa-42ac-9015-2c022946b036
62a7d91b-d04b-4764-812f-2e2898365e5d,41136dd4-2faa-42ac-9015-2c022946b036
1958977f-22c0-49aa-b689-739e0d723e2b,42b80c2a-0d8f-435e-8a47-19d96fc77591
cf355706-16ba-4542-94de-21bde364ed0a,41136dd4-2faa-42ac-9015-2c022946b036
cf355706-16ba-4542-94de-21bde364ed0a,490c0d9c-3d52-42ac-8ed7-5d9117161ff8
8dddd4e5-00d0-41b8-8ccb-6cf6dc5a78e2,412b9088-7333-4c63-8568-85b337d9cebb
39dd6f61-5cd1-4e89-93d6-c99d38cbe0bd,a6b8678e-56e1-4fc2-a106-7e5819b94a9c
39dd6f61-5cd1-4e89-93d6-c99d38cbe0bd,cdf85f70-3160-4363-bb7c-02ada933bd22
39dd6f61-5cd1-4e89-93d6-c99d38cbe0bd,ee57dd72-4389-4137-ad42-58693da3aee0
635b6fb1-0712-4af0-b612-81e94e0e32f5,ee57dd72-4389-4137-ad42-58693da3aee0
635b6fb1-0712-4af0-b612-81e94e0e32f5,8e368306-8669-4597-b1bb-77b9f69e7641
97d4debf-f04f-48fb-a6ba-8c896f94bda2,ee57dd72-4389-4137-ad42-58693da3aee0
97d4debf-f04f-48fb-a6ba-8c896f94bda2,ee57dd72-4389-4137-ad42-58693da3aee0
6417545a-eb9b-4e3d-95d7-d2d226271cb6,41136dd4-2faa-42ac-9015-2c022946b036
6417545a-eb9b-4e3d-95d7-d2d226271cb6,490c0d9c-3d52-42ac-8ed7-5d9117161ff8
6417545a-eb9b-4e3d-95d7-d2d226271cb6,412b9088-7333-4c63-8568-85b337d9cebb
b7f3a35d-b061-4c3d-8a16-f8c9a00dbf9d,ee57dd72-4389-4137-ad42-58693da3aee0
b7f3a35d-b061-4c3d-8a16-f8c9a00dbf9d,ee57dd72-4389-4137-ad42-58693da3aee0
830737b6-4a47-4a3d-ae13-4622273e0a12,cdf85f70-3160-4363-bb7c-02ada933bd22
bef905fa-62cd-4550-8277-1b4b169b6d1f,ee57dd72-4389-4137-ad42-58693da3aee0
bef905fa-62cd-4550-8277-1b4b169b6d1f,9d84da3b-d89b-41d5-92d6-42aee2ba23fe
92bdee92-c0ff-4672-92ae-7a75947a9f59,cdf85f70-3160-4363-bb7c-02ada933bd22
80099de9-f0b1-452d-ab31-d506625bffa8,8e368306-8669-4597-b1bb-77b9f69e7641
80099de9-f0b1-452d-ab31-d506625bffa8,cdf85f70-3160-4363-bb7c-02ada933bd22
42c5d8b1-8881-4bdc-a417-e3b3c7a9e053,42b80c2a-0d8f-435e-8a47-19d96fc77591
a8618017-7528-4ecc-810a-d814cc939eba,ee57dd72-4389-4137-ad42-58693da3aee0
a8618017-7528-4ecc-810a-d814cc939eba,cdf85f70-3160-4363-bb7c-02ada933bd22
a8618017-7528-4ecc-810a-d814cc939eba,8e368306-8669-4597-b1bb-77b9f69e7641
c47401ac-ea62-477d-95d8-1c559533e5bd,412b9088-7333-4c63-8568-85b337d9cebb
c47401ac-ea62-477d-95d8-1c559533e5bd,41136dd4-2faa-42ac-9015-2c022946b036
77f1bc7a-35f1-4ef7-adfe-1a79db9172c9,42b80c2a-0d8f-435e-8a47-19d96fc77591
77f1bc7a-35f1-4ef7-adfe-1a79db9172c9,ee57dd72-4389-4137-ad42-58693da3aee0
77f1bc7a-35f1-4ef7-adfe-1a79db9172c9,490c0d9c-3d52-42ac-8ed7-5d9117161ff8
b538c5a9-ffe0-4433-ab22-d2347a910146,490c0d9c-3d52-42ac-8ed7-5d9117161ff8
b538c5a9-ffe0-4433-ab22-d2347a910146,9d84da3b-d89b-41d5-92d6-42aee2ba23fe
b538c5a9-ffe0-4433-ab22-d2347a910146,ee57dd72-4389-4137-ad42-58693da3aee0
3f24628f-06c9-4673-a242-9c76d8e3b133,9d84da3b-d89b-41d5-92d6-42aee2ba23fe
a4cc7090-456a-4d1c-bed0-55e2f039b17e,41136dd4-2faa-42ac-9015-2c022946b036
4c69da7e-aaae-4083-af13-8ded9ce8eb95,42b80c2a-0d8f-435e-8a47-19d96fc77591
4c69da7e-aaae-4083-af13-8ded9ce8eb95,42b80c2a-0d8f-435e-8a47-19d96fc77591
30f8e0a6-1274-43da-9882-88e0c21cad36,9d84da3b-d89b-41d5-92d6-42aee2ba23fe
78b59f4c-3a6e-4a6b-b461-1ccea32ccf74,490c0d9c-3d52-42ac-8ed7-5d9117161ff8
2e436466-5366-49d2-9a12-cc437e9e939f,42b80c2a-0d8f-435e-8a47-19d96fc77591
2e436466-5366-49d2-9a12-cc437e9e939f,42b80c2a-0d8f-435e-8a47-19d96fc77591
2e436466-5366-49d2-9a12-cc437e9e939f,490c0d9c-3d52-42ac-8ed7-5d9117161ff8
e554a85c-9e80-438d-b273-1a1962cd6737,412b9088-7333-4c63-8568-85b337d9cebb
e554a85c-9e80-438d-b273-1a1962cd6737,42b80c2a-0d8f-435e-8a47-19d96fc77591
e554a85c-9e80-438d-b273-1a1962cd6737,8e368306-8669-4597-b1bb-77b9f69e7641
30993e3c-0b19-4a39-bf7c-a8f98c14cf1b,cdf85f70-3160-4363-bb7c-02ada933bd22
30993e3c-0b19-4a39-bf7c-a8f98c14cf1b,a6b8678e-56e1-4fc2-a106-7e5819b94a9c
70edafb2-69be-43d3-8be4-6df523f8e281,9d84da3b-d89b-41d5-92d6-42aee2ba23fe
546fd842-4184-4a60-8dca-dad561fbdd5b,a13a78b3-645e-476f-b04e-23c93c220fc1
8a75ed34-a02a-4372-a5b5-cfca754c9ffc,41136dd4-2faa-42ac-9015-2c022946b036
049599ab-6425-4b42-8f2c-a672717a9864,ee57dd72-4389-4137-ad42-58693da3aee0
049599ab-6425-4b42-8f2c-a672717a9864,42b80c2a-0d8f-435e-8a47-19d96fc77591
d16ef3c3-4865-4d0d-879e-9ab2919bda82,41136dd4-2faa-42ac-9015-2c022946b036
d16ef3c3-4865-4d0d-879e-9ab2919bda82,a6b8678e-56e1-4fc2-a106-7e5819b94a9c
d9353a26-2048-4f62-9e8e-606261e77986,41136dd4-2faa-42ac-9015-2c022946b036
d9353a26-2048-4f62-9e8e-606261e77986,cdf85f70-3160-4363-bb7c-02ada933bd22
8daec096-e12f-4443-9e32-78f4979cef82,412b9088-7333-4c63-8568-85b337d9cebb
8daec096-e12f-4443-9e32-78f4979cef82,41136dd4-2faa-42ac-9015-2c022946b036
96f8e2e6-cf8a-4cdc-aa98-b8410cdd358c,412b9088-7333-4c63-8568-85b337d9cebb
96f8e2e6-cf8a-4cdc-aa98-b8410cdd358c,ee57dd72-4389-4137-ad42-58693da3aee0
2011ad39-f47a-4704-aaec-8a09066bbb6b,8e368306-8669-4597-b1bb-77b9f69e7641
2011ad39-f47a-4704-aaec-8a09066bbb6b,42b80c2a-0d8f-435e-8a47-19d96fc77591
2011ad39-f47a-4704-aaec-8a09066bbb6b,a6b8678e-56e1-4fc2-a106-7e5819b94a9c
cf369645-17ea-4c9e-b8e3-38d33cae351d,9d84da3b-d89b-41d5-92d6-42aee2ba23fe
cf369645-17ea-4c9e-b8e3-38d33cae351d,ee57dd72-4389-4137-ad42-58693da3aee0
1868dee3-3989-4f13-995c-370c830df1ab,412b9088-7333-4c63-8568-85b337d9cebb
f95cbd88-ab1a-475a-b3af-c168eda1fcfa,a13a78b3-645e-476f-b04e-23c93c220fc1
f95cbd88-ab1a-475a-b3af-c168eda1fcfa,41136dd4-2faa-42ac-9015-2c022946b036
f95cbd88-ab1a-475a-b3af-c168eda1fcfa,42b80c2a-0d8f-435e-8a47-19d96fc77591
182c35df-42a0-4b2a-b3a1-e942425d5402,41136dd4-2faa-42ac-9015-2c022946b036
182c35df-42a0-4b2a-b3a1-e942425d5402,a6b8678e-56e1-4fc2-a106-7e5819b94a9c
182c35df-42a0-4b2a-b3a1-e942425d5402,9d84da3b-d89b-41d5-92d6-42aee2ba23fe
c22818ca-c81f-4c68-ab53-50f33066f096,490c0d9c-3d52-42ac-8ed7-5d9117161ff8
c22818ca-c81f-4c68-ab53-50f33066f096,490c0d9c-3d52-42ac-8ed7-5d9117161ff8
c22818ca-c81f-4c68-ab53-50f33066f096,412b9088-7333-4c63-8568-85b337d9cebb
efc85e76-0a79-429c-a308-416e660d54dc,ee57dd72-4389-4137-ad42-58693da3aee0
efc85e76-0a79-429c-a308-416e660d54dc,41136dd4-2faa-42ac-9015-2c022946b036
efc85e76-0a79-429c-a308-416e660d54dc,42b80c2a-0d8f-435e-8a47-19d96fc77591
e64ca31e-c3fc-4e7e-b933-a4259ef27d3c,490c0d9c-3d52-42ac-8ed7-5d9117161ff8
e64ca31e-c3fc-4e7e-b933-a4259ef27d3c,a6b8678e-56e1-4fc2-a106-7e5819b94a9c
e64ca31e-c3fc-4e7e-b933-a4259ef27d3c,a6b8678e-56e1-4fc2-a106-7e5819b94a9c
92a65408-a0ac-4393-86c3-11639d8c17ce,412b9088-7333-4c63-8568-85b337d9cebb
92a65408-a0ac-4393-86c3-11639d8c17ce,8e368306-8669-4597-b1bb-77b9f69e7641
5d9835bd-e0e8-4e1a-b7fc-9b23f465d2ff,8e368306-8669-4597-b1bb-77b9f69e7641
5d9835bd-e0e8-4e1a-b7fc-9b23f465d2ff,8e368306-8669-4597-b1bb-77b9f69e7641
5d9835bd-e0e8-4e1a-b7fc-9b23f465d2ff,412b9088-7333-4c63-8568-85b337d9cebb
58d58587-6137-404d-9792-1f99cba6533d,ee57dd72-4389-4137-ad42-58693da3aee0
58d58587-6137-404d-9792-1f99cba6533d,412b9088-7333-4c63-8568-85b337d9cebb
58d58587-6137-404d-9792-1f99cba6533d,412b9088-7333-4c63-8568-85b337d9cebb
93886154-f9ac-437c-a5ef-06e877e72ece,9d84da3b-d89b-41d5-92d6-42aee2ba23fe
93886154-f9ac-437c-a5ef-06e877e72ece,ee57dd72-4389-4137-ad42-58693da3aee0
93886154-f9ac-437c-a5ef-06e877e72ece,cdf85f70-3160-4363-bb7c-02ada933bd22
1a3d74cc-9a51-4e68-88e9-f678ad2aa6cc,ee57dd72-4389-4137-ad42-58693da3aee0
1a3d74cc-9a51-4e68-88e9-f678ad2aa6cc,41136dd4-2faa-42ac-9015-2c022946b036
bcf97370-af46-4acc-b62b-5bc5e62777b1,9d84da3b-d89b-41d5-92d6-42aee2ba23fe
4ded6194-2e21-4984-8aeb-46663e318638,cdf85f70-3160-4363-bb7c-02ada933bd22
4ded6194-2e21-4984-8aeb-46663e318638,42b80c2a-0d8f-435e-8a47-19d96fc77591
14f81cc4-dbb3-45e0-9104-35cfa387a5c7,490c0d9c-3d52-42ac-8ed7-5d9117161ff8
14f81cc4-dbb3-45e0-9104-35cfa387a5c7,9d84da3b-d89b-41d5-92d6-42aee2ba23fe
ce48a3db-b32f-4039-96e7-65ffaac98687,9d84da3b-d89b-41d5-92d6-42aee2ba23fe
ce48a3db-b32f-4039-96e7-65ffaac98687,a13a78b3-645e-476f-b04e-23c93c220fc1
629f9e25-182c-4c4e-90d3-d7bbd3ca3d57,ee57dd72-4389-4137-ad42-58693da3aee0
87f3fb61-9d61-477c-aed0-abec7ca21c45,490c0d9c-3d52-42ac-8ed7-5d9117161ff8
87f3fb61-9d61-477c-aed0-abec7ca21c45,a6b8678e-56e1-4fc2-a106-7e5819b94a9c
e463591c-868d-42e0-bff9-a2c79db05103,ee57dd72-4389-4137-ad42-58693da3aee0
e463591c-868d-42e0-bff9-a2c79db05103,42b80c2a-0d8f-435e-8a47-19d96fc77591
e72ab208-a093-4ed9-8bc2-ad735448333e,8e368306-8669-4597-b1bb-77b9f69e7641
59073e58-508b-448a-9e64-2be276c5be09,a13a78b3-645e-476f-b04e-23c93c220fc1
59073e58-508b-448a-9e64-2be276c5be09,a13a78b3-645e-476f-b04e-23c93c220fc1
2cd04eb0-9770-42c9-80fc-2b7a9544f428,a13a78b3-645e-476f-b04e-23c93c220fc1
2cd04eb0-9770-42c9-80fc-2b7a9544f428,8e368306-8669-4597-b1bb-77b9f69e7641
1b4f2922-c113-4515-a40c-17e1dfec6b92,9d84da3b-d89b-41d5-92d6-42aee2ba23fe
1b4f2922-c113-4515-a40c-17e1dfec6b92,cdf85f70-3160-4363-bb7c-02ada933bd22
1f4286e5-10da-4c91-8452-abf58e885833,a6b8678e-56e1-4fc2-a106-7e5819b94a9c
1f4286e5-10da-4c91-8452-abf58e885833,a13a78b3-645e-476f-b04e-23c93c220fc1
1f4286e5-10da-4c91-8452-abf58e885833,42b80c2a-0d8f-435e-8a47-19d96fc77591
097c0d95-a18a-4e09-903e-1e60daa9842e,9d84da3b-d89b-41d5-92d6-42aee2ba23fe
097c0d95-a18a-4e09-903e-1e60daa9842e,9d84da3b-d89b-41d5-92d6-42aee2ba23fe
097c0d95-a18a-4e09-903e-1e60daa9842e,42b80c2a-0d8f-435e-8a47-19d96fc77591
c831c834-f142-4c04-b46c-8d3a4dd66369,9d84da3b-d89b-41d5-92d6-42aee2ba23fe
c831c834-f142-4c04-b46c-8d3a4dd66369,412b9088-7333-4c63-8568-85b337d9cebb
c831c834-f142-4c04-b46c-8d3a4dd66369,8e368306-8669-4597-b1bb-77b9f69e7641
31ae4d19-0e54-4534-8c9d-00133b856b1c,ee57dd72-4389-4137-ad42-58693da3aee0
31ae4d19-0e54-4534-8c9d-00133b856b1c,8e368306-8669-4597-b1bb-77b9f69e7641
f4fc1706-9e4c-48aa-9fc8-6e90fba3f58c,412b9088-7333-4c63-8568-85b337d9cebb
f4fc1706-9e4c-48aa-9fc8-6e90fba3f58c,a13a78b3-645e-476f-b04e-23c93c220fc1
218bc2a7-44fb-4956-ba07-43a4fbf85ad3,a6b8678e-56e1-4fc2-a106-7e5819b94a9c
218bc2a7-44fb-4956-ba07-43a4fbf85ad3,42b80c2a-0d8f-435e-8a47-19d96fc77591
66a1e0d9-567b-4819-a24d-c746abecf911,42b80c2a-0d8f-435e-8a47-19d96fc77591
9e6a9d87-1196-495a-824c-37553dc90eeb,9d84da3b-d89b-41d5-92d6-42aee2ba23fe
9e6a9d87-1196-495a-824c-37553dc90eeb,42b80c2a-0d8f-435e-8a47-19d96fc77591
9e6a9d87-1196-495a-824c-37553dc90eeb,a13a78b3-645e-476f-b04e-23c93c220fc1
84053d1a-02cd-48b8-a6f6-bcacb8d1c97b,a13a78b3-645e-476f-b04e-23c93c220fc1
da54a2e1-3ff6-44c3-9a83-64adc30013bc,9d84da3b-d89b-41d5-92d6-42aee2ba23fe
b84f835c-2b7e-48bc-a825-ab133717a562,41136dd4-2faa-42ac-9015-2c022946b036
c20f664a-6a3a-4759-ab4b-0349fbdebefd,cdf85f70-3160-4363-bb7c-02ada933bd22
c20f664a-6a3a-4759-ab4b-0349fbdebefd,42b80c2a-0d8f-435e-8a47-19d96fc77591
c20f664a-6a3a-4759-ab4b-0349fbdebefd,42b80c2a-0d8f-435e-8a47-19d96fc77591
fb54eb62-a741-4ca9-9dff-ef58d8f17b97,cdf85f70-3160-4363-bb7c-02ada933bd22
fb54eb62-a741-4ca9-9dff-ef58d8f17b97,ee57dd72-4389-4137-ad42-58693da3aee0
39439ddd-09aa-451a-bf0a-031c261caaf0,9d84da3b-d89b-41d5-92d6-42aee2ba23fe
39439ddd-09aa-451a-bf0a-031c261caaf0,cdf85f70-3160-4363-bb7c-02ada933bd22
39439ddd-09aa-451a-bf0a-031c261caaf0,a6b8678e-56e1-4fc2-a106-7e5819b94a9c
28aaa031-47d7-4ba3-9dd5-c3df2641c2db,42b80c2a-0d8f-435e-8a47-19d96fc77591
28aaa031-47d7-4ba3-9dd5-c3df2641c2db,42b80c2a-0d8f-435e-8a47-19d96fc77591
28aaa031-47d7-4ba3-9dd5-c3df2641c2db,a6b8678e-56e1-4fc2-a106-7e5819b94a9c
8cdae84b-330d-45f6-80ae-6305a5f93c0d,412b9088-7333-4c63-8568-85b337d9cebb
8cdae84b-330d-45f6-80ae-6305a5f93c0d,42b80c2a-0d8f-435e-8a47-19d96fc77591
8cdae84b-330d-45f6-80ae-6305a5f93c0d,42b80c2a-0d8f-435e-8a47-19d96fc77591
0656f7c5-406a-4b7f-a6e3-6e2dd6e2f794,490c0d9c-3d52-42ac-8ed7-5d9117161ff8
0656f7c5-406a-4b7f-a6e3-6e2dd6e2f794,a6b8678e-56e1-4fc2-a106-7e5819b94a9c
0656f7c5-406a-4b7f-a6e3-6e2dd6e2f794,8e368306-8669-4597-b1bb-77b9f69e7641
5597a6c6-a97f-4f92-a733-58cac5009618,ee57dd72-4389-4137-ad42-58693da3aee0
5597a6c6-a97f-4f92-a733-58cac5009618,cdf85f70-3160-4363-bb7c-02ada933bd22
0039823f-3561-441b-a367-9616858729b9,490c0d9c-3d52-42ac-8ed7-5d9117161ff8
0039823f-3561-441b-a367-9616858729b9,41136dd4-2faa-42ac-9015-2c022946b036
796f8760-9b41-4ba6-af65-465740d2a969,490c0d9c-3d52-42ac-8ed7-5d9117161ff8
639e3504-27fb-4fe0-a426-928e1600fe5e,412b9088-7333-4c63-8568-85b337d9cebb
639e3504-27fb-4fe0-a426-928e1600fe5e,490c0d9c-3d52-42ac-8ed7-5d9117161ff8
8186bc26-126f-4463-a38d-448cba89258e,9d84da3b-d89b-41d5-92d6-42aee2ba23fe
8186bc26-126f-4463-a38d-448cba89258e,9d84da3b-d89b-41d5-92d6-42aee2ba23fe
8186bc26-126f-4463-a38d-448cba89258e,cdf85f70-3160-4363-bb7c-02ada933bd22
e4b08536-1abc-4123-9f69-f5e88755b484,a6b8678e-56e1-4fc2-a106-7e5819b94a9c
e4b08536-1abc-4123-9f69-f5e88755b484,a6b8678e-56e1-4fc2-a106-7e5819b94a9c
e4b08536-1abc-4123-9f69-f5e88755b484,a6b8678e-56e1-4fc2-a106-7e5819b94a9c
e82b062f-8027-4532-b2c5-898eb9f771e6,8e368306-8669-4597-b1bb-77b9f69e7641
e82b062f-8027-4532-b2c5-898eb9f771e6,42b80c2a-0d8f-435e-8a47-19d96fc77591
e82b062f-8027-4532-b2c5-898eb9f771e6,42b80c2a-0d8f-435e-8a47-19d96fc77591
d7223c63-24ed-4b19-a195-d03b1a8e5a21,42b80c2a-0d8f-435e-8a47-19d96fc77591
d7223c63-24ed-4b19-a195-d03b1a8e5a21,42b80c2a-0d8f-435e-8a47-19d96fc77591
d7223c63-24ed-4b19-a195-d03b1a8e5a21,cdf85f70-3160-4363-bb7c-02ada933bd22
782bc1c9-cd97-4b46-a683-1952116fdfc6,a6b8678e-56e1-4fc2-a106-7e5819b94a9c
782bc1c9-cd97-4b46-a683-1952116fdfc6,41136dd4-2faa-42ac-9015-2c022946b036
b9420e0c-9468-4e5b-abaa-e5a8ea10b6a3,a6b8678e-56e1-4fc2-a106-7e5819b94a9c
b9420e0c-9468-4e5b-abaa-e5a8ea10b6a3,cdf85f70-3160-4363-bb7c-02ada933bd22
b9420e0c-9468-4e5b-abaa-e5a8ea10b6a3,8e368306-8669-4597-b1bb-77b9f69e7641
f1b2b67d-cce9-4cc9-8e69-2df3b09270da,490c0d9c-3d52-42ac-8ed7-5d9117161ff8
f1b2b67d-cce9-4cc9-8e69-2df3b09270da,cdf85f70-3160-4363-bb7c-02ada933bd22
e3ada312-cc58-4324-a982-5545d68afe84,a13a78b3-645e-476f-b04e-23c93c220fc1
ba325c3e-2c4d-40c8-9e72-7b1b3b1c8313,490c0d9c-3d52-42ac-8ed7-5d9117161ff8
ba325c3e-2c4d-40c8-9e72-7b1b3b1c8313,9d84da3b-d89b-41d5-92d6-42aee2ba23fe
156220e7-062c-4999-8642-91191b337140,a6b8678e-56e1-4fc2-a106-7e5819b94a9c
1a25bdab-a2e3-4363-aed9-fa8c9e715de8,ee57dd72-4389-4137-ad42-58693da3aee0
1a25bdab-a2e3-4363-aed9-fa8c9e715de8,490c0d9c-3d52-42ac-8ed7-5d9117161ff8
fc8419c0-d3ca-42c5-b6b5-1d6a171c8693,9d84da3b-d89b-41d5-92d6-42aee2ba23fe
43a75785-f5d5-4e1b-a574-822526f9cef6,cdf85f70-3160-4363-bb7c-02ada933bd22
2ada14cb-e7db-4ca1-855d-19305184844b,490c0d9c-3d52-42ac-8ed7-5d9117161ff8
2ada14cb-e7db-4ca1-855d-19305184844b,490c0d9c-3d52-42ac-8ed7-5d9117161ff8
2ada14cb-e7db-4ca1-855d-19305184844b,a6b8678e-56e1-4fc2-a106-7e5819b94a9c
a1c00265-5935-4d4b-95b0-25b9d08c714b,412b9088-7333-4c63-8568-85b337d9cebb
a58ee3cb-c643-4e44-b91f-6cb565483b61,a13a78b3-645e-476f-b04e-23c93c220fc1
c31dcfa8-e24d-4eb4-b08c-3b4a4ebb6d26,412b9088-7333-4c63-8568-85b337d9cebb
a8497746-37ed-44f6-8570-ec4edc319ff2,412b9088-7333-4c63-8568-85b337d9cebb
e791524d-b4a2-4c70-ae30-bf18597a2068,cdf85f70-3160-4363-bb7c-02ada933bd22
e791524d-b4a2-4c70-ae30-bf18597a2068,42b80c2a-0d8f-435e-8a47-19d96fc77591
e791524d-b4a2-4c70-ae30-bf18597a2068,490c0d9c-3d52-42ac-8ed7-5d9117161ff8
ecb60ee4-fba2-4687-a3b6-d30d5cddb11f,490c0d9c-3d52-42ac-8ed7-5d9117161ff8
ecb60ee4-fba2-4687-a3b6-d30d5cddb11f,42b80c2a-0d8f-435e-8a47-19d96fc77591
cf127897-202d-4da3-b005-720efc12f978,a6b8678e-56e1-4fc2-a106-7e5819b94a9c
fb900277-588f-4d82-8b4c-ed98175a51ff,a13a78b3-645e-476f-b04e-23c93c220fc1
fb900277-588f-4d82-8b4c-ed98175a51ff,cdf85f70-3160-4363-bb7c-02ada933bd22
fb900277-588f-4d82-8b4c-ed98175a51ff,a6b8678e-56e1-4fc2-a106-7e5819b94a9c
4d32e5a2-e2d8-4366-a7a1-b2008a3a221c,cdf85f70-3160-4363-bb7c-02ada933bd22
4d32e5a2-e2d8-4366-a7a1-b2008a3a221c,cdf85f70-3160-4363-bb7c-02ada933bd22
4d32e5a2-e2d8-4366-a7a1-b2008a3a221c,ee57dd72-4389-4137-ad42-58693da3aee0
b6835beb-54c2-4dd8-bf0b-7a8e3a30a577,490c0d9c-3d52-42ac-8ed7-5d9117161ff8
b6835beb-54c2-4dd8-bf0b-7a8e3a30a577,42b80c2a-0d8f-435e-8a47-19d96fc77591
b6835beb-54c2-4dd8-bf0b-7a8e3a30a577,42b80c2a-0d8f-435e-8a47-19d96fc77591
4034a26a-0925-4df9-9066-f907b9d91904,8e368306-8669-4597-b1bb-77b9f69e7641
889c2cb2-907a-4932-b75c-b3844ba6241f,41136dd4-2faa-42ac-9015-2c022946b036
889c2cb2-907a-4932-b75c-b3844ba6241f,8e368306-8669-4597-b1bb-77b9f69e7641
016de945-fd1a-4def-aa40-5f8d82a6fb02,490c0d9c-3d52-42ac-8ed7-5d9117161ff8
016de945-fd1a-4def-aa40-5f8d82a6fb02,42b80c2a-0d8f-435e-8a47-19d96fc77591
5778434d-63f4-4311-b14b-6202cd5d73d1,412b9088-7333-4c63-8568-85b337d9cebb
5778434d-63f4-4311-b14b-6202cd5d73d1,8e368306-8669-4597-b1bb-77b9f69e7641
5778434d-63f4-4311-b14b-6202cd5d73d1,a6b8678e-56e1-4fc2-a106-7e5819b94a9c
f1bab558-fae2-461f-bd80-1a53821f2b98,ee57dd72-4389-4137-ad42-58693da3aee0
f1bab558-fae2-461f-bd80-1a53821f2b98,412b9088-7333-4c63-8568-85b337d9cebb
f1bab558-fae2-461f-bd80-1a53821f2b98,8e368306-8669-4597-b1bb-77b9f69e7641
3df390e0-a0cd-4c83-a551-9598da09932b,9d84da3b-d89b-41d5-92d6-42aee2ba23fe
3df390e0-a0cd-4c83-a551-9598da09932b,8e368306-8669-4597-b1bb-77b9f69e7641
3df390e0-a0cd-4c83-a551-9598da09932b,8e368306-8669-4597-b1bb-77b9f69e7641
1e932a53-45e1-44d6-8e1f-e78c5ba9314d,490c0d9c-3d52-42ac-8ed7-5d9117161ff8
1e932a53-45e1-44d6-8e1f-e78c5ba9314d,ee57dd72-4389-4137-ad42-58693da3aee0
1e932a53-45e1-44d6-8e1f-e78c5ba9314d,412b9088-7333-4c63-8568-85b337d9cebb
5afa8794-8f3a-4f53-ad61-b4ebc351d55f,8e368306-8669-4597-b1bb-77b9f69e7641
f7e0a536-f186-4a82-9dea-5b6860b39018,42b80c2a-0d8f-435e-8a47-19d96fc77591
f7e0a536-f186-4a82-9dea-5b6860b39018,a6b8678e-56e1-4fc2-a106-7e5819b94a9c
7a466444-ffbd-4079-b8de-0c3dda2c2c1a,9d84da3b-d89b-41d5-92d6-42aee2ba23fe
7a466444-ffbd-4079-b8de-0c3dda2c2c1a,a6b8678e-56e1-4fc2-a106-7e5819b94a9c
7a466444-ffbd-4079-b8de-0c3dda2c2c1a,490c0d9c-3d52-42ac-8ed7-5d9117161ff8
fdfa562d-00be-4164-aeef-06abfedb1051,412b9088-7333-4c63-8568-85b337d9cebb
fdfa562d-00be-4164-aeef-06abfedb1051,ee57dd72-4389-4137-ad42-58693da3aee0
be74694b-c766-4228-88cc-e90130529fc7,a13a78b3-645e-476f-b04e-23c93c220fc1
1d917a70-acf7-480c-b5a0-90b8a7690626,cdf85f70-3160-4363-bb7c-02ada933bd22
ae1805fc-f64e-4182-a594-713733ca33c6,41136dd4-2faa-42ac-9015-2c022946b036
04518172-e3a4-48ca-8848-0bd9d835aed0,42b80c2a-0d8f-435e-8a47-19d96fc77591
d2f160e9-dc10-4118-993a-8dd948c1f431,42b80c2a-0d8f-435e-8a47-19d96fc77591
d2f160e9-dc10-4118-993a-8dd948c1f431,490c0d9c-3d52-42ac-8ed7-5d9117161ff8
d2f160e9-dc10-4118-993a-8dd948c1f431,41136dd4-2faa-42ac-9015-2c022946b036
1ea6ab27-569f-4b26-bfe3-54b10d03367a,41136dd4-2faa-42ac-9015-2c022946b036
1ea6ab27-569f-4b26-bfe3-54b10d03367a,ee57dd72-4389-4137-ad42-58693da3aee0
1ea6ab27-569f-4b26-bfe3-54b10d03367a,cdf85f70-3160-4363-bb7c-02ada933bd22
3e6c1d74-bc9a-4b80-b445-64766f1c29c9,a6b8678e-56e1-4fc2-a106-7e5819b94a9c
3e6c1d74-bc9a-4b80-b445-64766f1c29c9,42b80c2a-0d8f-435e-8a47-19d96fc77591
95914c59-d762-47cf-837c-18f41d95096a,490c0d9c-3d52-42ac-8ed7-5d9117161ff8
1899e83a-0a0f-43c4-90a7-2ebd2b24c224,a13a78b3-645e-476f-b04e-23c93c220fc1
1899e83a-0a0f-43c4-90a7-2ebd2b24c224,8e368306-8669-4597-b1bb-77b9f69e7641
1899e83a-0a0f-43c4-90a7-2ebd2b24c224,cdf85f70-3160-4363-bb7c-02ada933bd22
f6941530-bc6b-4298-b9ff-dfe64789a465,a13a78b3-645e-476f-b04e-23c93c220fc1
f6941530-bc6b-4298-b9ff-dfe64789a465,a13a78b3-645e-476f-b04e-23c93c220fc1
f6941530-bc6b-4298-b9ff-dfe64789a465,42b80c2a-0d8f-435e-8a47-19d96fc77591
c343cf46-67e6-4c82-8c2f-9965bd2c8f9f,a6b8678e-56e1-4fc2-a106-7e5819b94a9c
b55f5bd7-9a40-45ee-b2ed-57a20168a298,490c0d9c-3d52-42ac-8ed7-5d9117161ff8
791a1365-d815-4282-b909-1bc865acfab5,9d84da3b-d89b-41d5-92d6-42aee2ba23fe
791a1365-d815-4282-b909-1bc865acfab5,a6b8678e-56e1-4fc2-a106-7e5819b94a9c
791a1365-d815-4282-b909-1bc865acfab5,a13a78b3-645e-476f-b04e-23c93c220fc1
adecc599-e818-40c6-891e-c4d3b2535146,42b80c2a-0d8f-435e-8a47-19d96fc77591
b0a36a1d-9015-4099-b15b-a7845246b1ea,a13a78b3-645e-476f-b04e-23c93c220fc1
14827692-1240-497b-a379-dbb424363185,412b9088-7333-4c63-8568-85b337d9cebb
14827692-1240-497b-a379-dbb424363185,ee57dd72-4389-4137-ad42-58693da3aee0
f220589f-c4ec-4419-a49c-222701138737,cdf85f70-3160-4363-bb7c-02ada933bd22
f220589f-c4ec-4419-a49c-222701138737,cdf85f70-3160-4363-bb7c-02ada933bd22
c9b521ce-d857-492d-9ba3-bc27593f5114,8e368306-8669-4597-b1bb-77b9f69e7641
cbfa6544-38ba-4ac3-b8d4-71becd3bcded,9d84da3b-d89b-41d5-92d6-42aee2ba23fe
cbfa6544-38ba-4ac3-b8d4-71becd3bcded,41136dd4-2faa-42ac-9015-2c022946b036
cbfa6544-38ba-4ac3-b8d4-71becd3bcded,a6b8678e-56e1-4fc2-a106-7e5819b94a9c
45fa9f70-e24b-4538-aff9-b1dd8d61fc6d,42b80c2a-0d8f-435e-8a47-19d96fc77591
21593471-b060-491a-81a9-9aa3b376689c,cdf85f70-3160-4363-bb7c-02ada933bd22
21593471-b060-491a-81a9-9aa3b376689c,8e368306-8669-4597-b1bb-77b9f69e7641
4cc6d8ab-5866-471b-95b9-1f43a8227b24,a13a78b3-645e-476f-b04e-23c93c220fc1
4cc6d8ab-5866-471b-95b9-1f43a8227b24,412b9088-7333-4c63-8568-85b337d9cebb
c09d49b9-4903-4728-b16c-e0d974b13e3b,cdf85f70-3160-4363-bb7c-02ada933bd22
dbb2cfa9-a68d-4fb0-b4f9-1e2e518197c1,42b80c2a-0d8f-435e-8a47-19d96fc77591
ee52cb1b-edf1-43e7-86dc-bb61a1d1796a,8e368306-8669-4597-b1bb-77b9f69e7641
ee52cb1b-edf1-43e7-86dc-bb61a1d1796a,a13a78b3-645e-476f-b04e-23c93c220fc1
2ef2ab9e-68a4-4afd-a3f1-197cb075754e,a13a78b3-645e-476f-b04e-23c93c220fc1
2ef2ab9e-68a4-4afd-a3f1-197cb075754e,a13a78b3-645e-476f-b04e-23c93c220fc1
2ef2ab9e-68a4-4afd-a3f1-197cb075754e,ee57dd72-4389-4137-ad42-58693da3aee0
9c535097-4de8-4f48-b0c3-7df849e3f16d,a13a78b3-645e-476f-b04e-23c93c220fc1
9c535097-4de8-4f48-b0c3-7df849e3f16d,9d84da3b-d89b-41d5-92d6-42aee2ba23fe
9c535097-4de8-4f48-b0c3-7df849e3f16d,8e368306-8669-4597-b1bb-77b9f69e7641
8491bcab-ee12-488a-96d3-6f4856471f19,cdf85f70-3160-4363-bb7c-02ada933bd22
f3395716-cf65-40cd-a874-6beaf887ea13,cdf85f70-3160-4363-bb7c-02ada933bd22
96f8f120-51d6-484d-b08a-3ee1eb4672b8,9d84da3b-d89b-41d5-92d6-42aee2ba23fe
96f8f120-51d6-484d-b08a-3ee1eb4672b8,cdf85f70-3160-4363-bb7c-02ada933bd22
6fea8af8-0358-4d7a-b674-3d32edaa6aa7,490c0d9c-3d52-42ac-8ed7-5d9117161ff8
6fea8af8-0358-4d7a-b674-3d32edaa6aa7,a6b8678e-56e1-4fc2-a106-7e5819b94a9c
4577309d-09ef-4024-b83e-42c742db3f97,41136dd4-2faa-42ac-9015-2c022946b036
cd713d42-52fc-406d-bf1f-8eb996cbbf82,a6b8678e-56e1-4fc2-a106-7e5819b94a9c
cd713d42-52fc-406d-bf1f-8eb996cbbf82,cdf85f70-3160-4363-bb7c-02ada933bd22
cd713d42-52fc-406d-bf1f-8eb996cbbf82,cdf85f70-3160-4363-bb7c-02ada933bd22
a2a9def2-4281-4a2d-a3f1-983b7b3e01f5,9d84da3b-d89b-41d5-92d6-42aee2ba23fe
fc1e7cd2-5fee-478c-8658-aae36f18a9ec,ee57dd72-4389-4137-ad42-58693da3aee0
fc1e7cd2-5fee-478c-8658-aae36f18a9ec,490c0d9c-3d52-42ac-8ed7-5d9117161ff8
9d756524-159b-48e1-a5cd-76f21c8ed5e6,412b9088-7333-4c63-8568-85b337d9cebb
9d756524-159b-48e1-a5cd-76f21c8ed5e6,a6b8678e-56e1-4fc2-a106-7e5819b94a9c
9d756524-159b-48e1-a5cd-76f21c8ed5e6,ee57dd72-4389-4137-ad42-58693da3aee0
b557d841-37f8-4b99-b5db-720419595b16,cdf85f70-3160-4363-bb7c-02ada933bd22
b557d841-37f8-4b99-b5db-720419595b16,490c0d9c-3d52-42ac-8ed7-5d9117161ff8
9c6a2537-558a-41a2-8789-e81d508e0f75,a13a78b3-645e-476f-b04e-23c93c220fc1
1df72bc4-0a79-4a02-b58b-a481e70d142f,9d84da3b-d89b-41d5-92d6-42aee2ba23fe
1df72bc4-0a79-4a02-b58b-a481e70d142f,9d84da3b-d89b-41d5-92d6-42aee2ba23fe
1df72bc4-0a79-4a02-b58b-a481e70d142f,ee57dd72-4389-4137-ad42-58693da3aee0
3dae5c98-f798-4ed6-834f-991d0a66d8d7,8e368306-8669-4597-b1bb-77b9f69e7641
3dae5c98-f798-4ed6-834f-991d0a66d8d7,490c0d9c-3d52-42ac-8ed7-5d9117161ff8
3dae5c98-f798-4ed6-834f-991d0a66d8d7,ee57dd72-4389-4137-ad42-58693da3aee0
5e03fa9b-7ae4-4b7f-ac1f-637f4085e62d,cdf85f70-3160-4363-bb7c-02ada933bd22
da080d9f-93ae-486d-9264-78033eb0946b,42b80c2a-0d8f-435e-8a47-19d96fc77591
da080d9f-93ae-486d-9264-78033eb0946b,a6b8678e-56e1-4fc2-a106-7e5819b94a9c
5ca3f533-211a-4a05-8052-eccef848dfec,412b9088-7333-4c63-8568-85b337d9cebb
5ca3f533-211a-4a05-8052-eccef848dfec,42b80c2a-0d8f-435e-8a47-19d96fc77591
5ca3f533-211a-4a05-8052-eccef848dfec,cdf85f70-3160-4363-bb7c-02ada933bd22
3843e5e2-c404-4d46-9024-aeec5080943c,41136dd4-2faa-42ac-9015-2c022946b036
3843e5e2-c404-4d46-9024-aeec5080943c,8e368306-8669-4597-b1bb-77b9f69e7641
11252001-2ed8-4ffd-98b3-29c36f3e92e2,9d84da3b-d89b-41d5-92d6-42aee2ba23fe
7f67de2c-0f29-4ac8-a98b-134c96526b73,8e368306-8669-4597-b1bb-77b9f69e7641
7f67de2c-0f29-4ac8-a98b-134c96526b73,490c0d9c-3d52-42ac-8ed7-5d9117161ff8
7f67de2c-0f29-4ac8-a98b-134c96526b73,42b80c2a-0d8f-435e-8a47-19d96fc77591
8f645814-4f18-41e3-9552-2b7a7a3ffd25,41136dd4-2faa-42ac-9015-2c022946b036
8a824ea1-dbf0-4a1a-8ceb-03c5eee6da9c,9d84da3b-d89b-41d5-92d6-42aee2ba23fe
8a824ea1-dbf0-4a1a-8ceb-03c5eee6da9c,9d84da3b-d89b-41d5-92d6-42aee2ba23fe
060c7313-e9fd-4e44-9f95-5738a77382db,41136dd4-2faa-42ac-9015-2c022946b036
060c7313-e9fd-4e44-9f95-5738a77382db,490c0d9c-3d52-42ac-8ed7-5d9117161ff8
060c7313-e9fd-4e44-9f95-5738a77382db,a13a78b3-645e-476f-b04e-23c93c220fc1
5ad366ad-9abc-4353-8dfd-a63efce61633,9d84da3b-d89b-41d5-92d6-42aee2ba23fe
5ad366ad-9abc-4353-8dfd-a63efce61633,490c0d9c-3d52-42ac-8ed7-5d9117161ff8
5ad366ad-9abc-4353-8dfd-a63efce61633,cdf85f70-3160-4363-bb7c-02ada933bd22
353bfc49-6dc1-4d56-bae3-474dffafabb7,cdf85f70-3160-4363-bb7c-02ada933bd22
e0cd72c1-e93a-46e0-aaf2-de133fb35473,9d84da3b-d89b-41d5-92d6-42aee2ba23fe
e0cd72c1-e93a-46e0-aaf2-de133fb35473,a13a78b3-645e-476f-b04e-23c93c220fc1
260055a1-16ec-4c6e-98e5-cda6b744dcf8,cdf85f70-3160-4363-bb7c-02ada933bd22
260055a1-16ec-4c6e-98e5-cda6b744dcf8,a13a78b3-645e-476f-b04e-23c93c220fc1
260055a1-16ec-4c6e-98e5-cda6b744dcf8,490c0d9c-3d52-42ac-8ed7-5d9117161ff8
c0f4d35f-408b-4956-a3ec-9e00efd1aea8,490c0d9c-3d52-42ac-8ed7-5d9117161ff8
c0f4d35f-408b-4956-a3ec-9e00efd1aea8,41136dd4-2faa-42ac-9015-2c022946b036
18e4b834-ff39-447c-b8dc-1c14aa38c9f9,412b9088-7333-4c63-8568-85b337d9cebb
18e4b834-ff39-447c-b8dc-1c14aa38c9f9,a6b8678e-56e1-4fc2-a106-7e5819b94a9c
66458539-db16-4810-95fa-eb164c12c1d5,a6b8678e-56e1-4fc2-a106-7e5819b94a9c
66458539-db16-4810-95fa-eb164c12c1d5,a13a78b3-645e-476f-b04e-23c93c220fc1
66458539-db16-4810-95fa-eb164c12c1d5,9d84da3b-d89b-41d5-92d6-42aee2ba23fe
f65f527c-8b2e-4a16-aed4-8ff4ed0292b2,a13a78b3-645e-476f-b04e-23c93c220fc1
f65f527c-8b2e-4a16-aed4-8ff4ed0292b2,8e368306-8669-4597-b1bb-77b9f69e7641
e73f482c-2df5-4cfa-8bec-06b843ed7ad1,a13a78b3-645e-476f-b04e-23c93c220fc1
37f8c5bb-0e30-4fdb-b3e0-f38568013b9a,8e368306-8669-4597-b1bb-77b9f69e7641
37f8c5bb-0e30-4fdb-b3e0-f38568013b9a,41136dd4-2faa-42ac-9015-2c022946b036
37f8c5bb-0e30-4fdb-b3e0-f38568013b9a,9d84da3b-d89b-41d5-92d6-42aee2ba23fe
c1bc0bf7-8f48-4552-b9e4-274dd88a070e,490c0d9c-3d52-42ac-8ed7-5d9117161ff8
616cb1ab-550f-474f-a24f-565959b86c56,490c0d9c-3d52-42ac-8ed7-5d9117161ff8
616cb1ab-550f-474f-a24f-565959b86c56,42b80c2a-0d8f-435e-8a47-19d96fc77591
616cb1ab-550f-474f-a24f-565959b86c56,412b9088-7333-4c63-8568-85b337d9cebb
532c4e66-b6e5-4dfd-a946-3beecf05b0fd,9d84da3b-d89b-41d5-92d6-42aee2ba23fe
532c4e66-b6e5-4dfd-a946-3beecf05b0fd,9d84da3b-d89b-41d5-92d6-42aee2ba23fe
532c4e66-b6e5-4dfd-a946-3beecf05b0fd,412b9088-7333-4c63-8568-85b337d9cebb
808bc5fd-91a9-4556-aee5-6565f34d6187,490c0d9c-3d52-42ac-8ed7-5d9117161ff8
808bc5fd-91a9-4556-aee5-6565f34d6187,a6b8678e-56e1-4fc2-a106-7e5819b94a9c
808bc5fd-91a9-4556-aee5-6565f34d6187,a6b8678e-56e1-4fc2-a106-7e5819b94a9c
a25e1887-4089-45c8-96c9-fb77879e07e0,ee57dd72-4389-4137-ad42-58693da3aee0
a25e1887-4089-45c8-96c9-fb77879e07e0,9d84da3b-d89b-41d5-92d6-42aee2ba23fe
2d5a5cee-786c-4a9f-91f9-5811f139d90e,8e368306-8669-4597-b1bb-77b9f69e7641
745ba31a-84c0-401e-aed9-81fd04ea9244,a6b8678e-56e1-4fc2-a106-7e5819b94a9c
745ba31a-84c0-401e-aed9-81fd04ea9244,cdf85f70-3160-4363-bb7c-02ada933bd22
5ece11a1-f60e-4dd2-8a8d-a13efaf8b86c,490c0d9c-3d52-42ac-8ed7-5d9117161ff8
5ece11a1-f60e-4dd2-8a8d-a13efaf8b86c,a13a78b3-645e-476f-b04e-23c93c220fc1
5ece11a1-f60e-4dd2-8a8d-a13efaf8b86c,412b9088-7333-4c63-8568-85b337d9cebb
ec64046d-d44b-4709-86b2-6821fa6753ad,a6b8678e-56e1-4fc2-a106-7e5819b94a9c
ec64046d-d44b-4709-86b2-6821fa6753ad,42b80c2a-0d8f-435e-8a47-19d96fc77591
b1f04470-5fbe-4da2-8538-fbeeb004099e,a6b8678e-56e1-4fc2-a106-7e5819b94a9c
b1f04470-5fbe-4da2-8538-fbeeb004099e,8e368306-8669-4597-b1bb-77b9f69e7641
b1f04470-5fbe-4da2-8538-fbeeb004099e,8e368306-8669-4597-b1bb-77b9f69e7641
f62bdd86-c41c-4b81-bae5-f77e62372014,9d84da3b-d89b-41d5-92d6-42aee2ba23fe
f62bdd86-c41c-4b81-bae5-f77e62372014,412b9088-7333-4c63-8568-85b337d9cebb
c7800f4f-9fc4-4687-aa3c-b4bad49d3920,412b9088-7333-4c63-8568-85b337d9cebb
c7800f4f-9fc4-4687-aa3c-b4bad49d3920,42b80c2a-0d8f-435e-8a47-19d96fc77591
eb70c426-61ba-439c-86f0-898cc0c9a57c,ee57dd72-4389-4137-ad42-58693da3aee0
bb8a91e7-48b9-4650-9c6d-c87a6401da80,ee57dd72-4389-4137-ad42-58693da3aee0
bb8a91e7-48b9-4650-9c6d-c87a6401da80,a13a78b3-645e-476f-b04e-23c93c220fc1
0ada199f-51e8-4e98-884b-bdc108636ab8,cdf85f70-3160-4363-bb7c-02ada933bd22
0ada199f-51e8-4e98-884b-bdc108636ab8,490c0d9c-3d52-42ac-8ed7-5d9117161ff8
0ada199f-51e8-4e98-884b-bdc108636ab8,490c0d9c-3d52-42ac-8ed7-5d9117161ff8
bda6931e-edf7-4460-91dd-5802d0b30816,412b9088-7333-4c63-8568-85b337d9cebb
bda6931e-edf7-4460-91dd-5802d0b30816,8e368306-8669-4597-b1bb-77b9f69e7641
cfd22df9-532d-4194-892f-21f0bbd131cc,cdf85f70-3160-4363-bb7c-02ada933bd22
5b71974f-8250-440d-9288-3085b5d3fb8e,a6b8678e-56e1-4fc2-a106-7e5819b94a9c
5b71974f-8250-440d-9288-3085b5d3fb8e,ee57dd72-4389-4137-ad42-58693da3aee0
1794e47d-00cd-4b99-8e3e-bb3f44a7f51c,42b80c2a-0d8f-435e-8a47-19d96fc77591
1794e47d-00cd-4b99-8e3e-bb3f44a7f51c,412b9088-7333-4c63-8568-85b337d9cebb
5eb266bb-5ce4-4c9f-9801-beb3ab4b6c92,8e368306-8669-4597-b1bb-77b9f69e7641
5eb266bb-5ce4-4c9f-9801-beb3ab4b6c92,ee57dd72-4389-4137-ad42-58693da3aee0
5f0de621-aae1-4240-a611-67227cf680f7,412b9088-7333-4c63-8568-85b337d9cebb
22392617-de06-4767-aabf-89fd5ef673b1,8e368306-8669-4597-b1bb-77b9f69e7641
22392617-de06-4767-aabf-89fd5ef673b1,ee57dd72-4389-4137-ad42-58693da3aee0
3e3c85b3-f2db-4d50-842d-d7678e29e0c6,41136dd4-2faa-42ac-9015-2c022946b036
3e3c85b3-f2db-4d50-842d-d7678e29e0c6,cdf85f70-3160-4363-bb7c-02ada933bd22
3e3c85b3-f2db-4d50-842d-d7678e29e0c6,cdf85f70-3160-4363-bb7c-02ada933bd22
ebaf01f7-e33f-4b2f-8947-c74d38564a43,a13a78b3-645e-476f-b04e-23c93c220fc1
ebaf01f7-e33f-4b2f-8947-c74d38564a43,a13a78b3-645e-476f-b04e-23c93c220fc1
86a83a34-ee76-4018-aa1c-e1b5eee8b706,a6b8678e-56e1-4fc2-a106-7e5819b94a9c
86a83a34-ee76-4018-aa1c-e1b5eee8b706,8e368306-8669-4597-b1bb-77b9f69e7641
86a83a34-ee76-4018-aa1c-e1b5eee8b706,42b80c2a-0d8f-435e-8a47-19d96fc77591
4a699d92-807a-4d81-9f6a-9508ebc909ee,cdf85f70-3160-4363-bb7c-02ada933bd22
4a699d92-807a-4d81-9f6a-9508ebc909ee,a13a78b3-645e-476f-b04e-23c93c220fc1
93affc21-cc99-4d53-8d9e-ae2a319723fc,8e368306-8669-4597-b1bb-77b9f69e7641
2d8caef5-99ce-47b4-8560-24299bd43c48,a13a78b3-645e-476f-b04e-23c93c220fc1
2d8caef5-99ce-47b4-8560-24299bd43c48,9d84da3b-d89b-41d5-92d6-42aee2ba23fe
a3952087-7edc-44a7-85c1-b797ee6de03d,a13a78b3-645e-476f-b04e-23c93c220fc1
a3952087-7edc-44a7-85c1-b797ee6de03d,412b9088-7333-4c63-8568-85b337d9cebb
8ed9c7d3-23be-4587-a457-8f7d06ad728b,cdf85f70-3160-4363-bb7c-02ada933bd22
5539a3ae-9f56-466c-add2-8268c35cee07,8e368306-8669-4597-b1bb-77b9f69e7641
5539a3ae-9f56-466c-add2-8268c35cee07,8e368306-8669-4597-b1bb-77b9f69e7641
e2a7d0d9-e8b9-4988-9a90-442fb7290a63,cdf85f70-3160-4363-bb7c-02ada933bd22
2c4af7c4-2483-4fc1-8da6-bb98023c17f4,ee57dd72-4389-4137-ad42-58693da3aee0
d1172497-2769-43c7-98d2-194a3ff00c97,42b80c2a-0d8f-435e-8a47-19d96fc77591
d1172497-2769-43c7-98d2-194a3ff00c97,9d84da3b-d89b-41d5-92d6-42aee2ba23fe
d1172497-2769-43c7-98d2-194a3ff00c97,412b9088-7333-4c63-8568-85b337d9cebb
ffd9891f-ad57-48c9-a7e5-b3fc3cf43d01,8e368306-8669-4597-b1bb-77b9f69e7641
020bfad0-4f04-49e2-bfac-a770f55265ce,490c0d9c-3d52-42ac-8ed7-5d9117161ff8
020bfad0-4f04-49e2-bfac-a770f55265ce,490c0d9c-3d52-42ac-8ed7-5d9117161ff8
020bfad0-4f04-49e2-bfac-a770f55265ce,ee57dd72-4389-4137-ad42-58693da3aee0
c3dc25e6-ddc0-4f82-80c8-ec8688deec41,9d84da3b-d89b-41d5-92d6-42aee2ba23fe
97fb6e2e-71e1-4aea-a04c-8d1dc96ca494,8e368306-8669-4597-b1bb-77b9f69e7641
97fb6e2e-71e1-4aea-a04c-8d1dc96ca494,9d84da3b-d89b-41d5-92d6-42aee2ba23fe
97fb6e2e-71e1-4aea-a04c-8d1dc96ca494,490c0d9c-3d52-42ac-8ed7-5d9117161ff8
5e3e98b4-bd16-4212-bba6-2e3248e4a5f5,8e368306-8669-4597-b1bb-77b9f69e7641
5e3e98b4-bd16-4212-bba6-2e3248e4a5f5,412b9088-7333-4c63-8568-85b337d9cebb
62233a4b-f849-46cd-ae0b-81ceb096c914,41136dd4-2faa-42ac-9015-2c022946b036
62233a4b-f849-46cd-ae0b-81ceb096c914,a6b8678e-56e1-4fc2-a106-7e5819b94a9c
62233a4b-f849-46cd-ae0b-81ceb096c914,a13a78b3-645e-476f-b04e-23c93c220fc1
026d2c46-b7aa-4449-9f98-0e04442eea20,a6b8678e-56e1-4fc2-a106-7e5819b94a9c
026d2c46-b7aa-4449-9f98-0e04442eea20,9d84da3b-d89b-41d5-92d6-42aee2ba23fe
a0ec8c1d-875f-47ff-91b2-55b8d587c2b4,9d84da3b-d89b-41d5-92d6-42aee2ba23fe
a0ec8c1d-875f-47ff-91b2-55b8d587c2b4,9d84da3b-d89b-41d5-92d6-42aee2ba23fe
42bbb60e-407e-467b-8552-9ba397770ec5,8e368306-8669-4597-b1bb-77b9f69e7641
42bbb60e-407e-467b-8552-9ba397770ec5,a6b8678e-56e1-4fc2-a106-7e5819b94a9c
42bbb60e-407e-467b-8552-9ba397770ec5,cdf85f70-3160-4363-bb7c-02ada933bd22
c3c03ce4-ffde-4a57-87a2-6889ae857adf,9d84da3b-d89b-41d5-92d6-42aee2ba23fe
c3c03ce4-ffde-4a57-87a2-6889ae857adf,41136dd4-2faa-42ac-9015-2c022946b036
c3c03ce4-ffde-4a57-87a2-6889ae857adf,42b80c2a-0d8f-435e-8a47-19d96fc77591
d213bc5a-6c6f-4cef-b385-789d1619cf32,a6b8678e-56e1-4fc2-a106-7e5819b94a9c
138eb4b2-5175-4449-9d77-352e2e5d5759,cdf85f70-3160-4363-bb7c-02ada933bd22
138eb4b2-5175-4449-9d77-352e2e5d5759,cdf85f70-3160-4363-bb7c-02ada933bd22
17503dab-a7c5-4a0a-833a-28c19615928a,41136dd4-2faa-42ac-9015-2c022946b036
17503dab-a7c5-4a0a-833a-28c19615928a,412b9088-7333-4c63-8568-85b337d9cebb
17503dab-a7c5-4a0a-833a-28c19615928a,a6b8678e-56e1-4fc2-a106-7e5819b94a9c
3af08b25-dead-474a-984a-3ced24cc3ed8,ee57dd72-4389-4137-ad42-58693da3aee0
3af08b25-dead-474a-984a-3ced24cc3ed8,490c0d9c-3d52-42ac-8ed7-5d9117161ff8
42b2c954-1a2e-4a8b-8cfd-4e469abc0539,412b9088-7333-4c63-8568-85b337d9cebb
42b2c954-1a2e-4a8b-8cfd-4e469abc0539,412b9088-7333-4c63-8568-85b337d9cebb
42b2c954-1a2e-4a8b-8cfd-4e469abc0539,9d84da3b-d89b-41d5-92d6-42aee2ba23fe
b3c99165-6791-49db-9ba9-83c82a3dd8e8,ee57dd72-4389-4137-ad42-58693da3aee0
d406a887-6a98-44f4-b6d8-d47c50ba82be,41136dd4-2faa-42ac-9015-2c022946b036
7fa86951-95b7-4421-92fc-5c3a3b9a1410,ee57dd72-4389-4137-ad42-58693da3aee0
7fa86951-95b7-4421-92fc-5c3a3b9a1410,412b9088-7333-4c63-8568-85b337d9cebb
96181942-f153-497d-8d54-4e85819fc249,ee57dd72-4389-4137-ad42-58693da3aee0
96181942-f153-497d-8d54-4e85819fc249,9d84da3b-d89b-41d5-92d6-42aee2ba23fe
96181942-f153-497d-8d54-4e85819fc249,cdf85f70-3160-4363-bb7c-02ada933bd22
63ee483b-522d-4a71-af9a-23cfc779df2c,8e368306-8669-4597-b1bb-77b9f69e7641
63ee483b-522d-4a71-af9a-23cfc779df2c,a13a78b3-645e-476f-b04e-23c93c220fc1
02302a8a-37e8-4fde-b16f-0b3e0faebc45,41136dd4-2faa-42ac-9015-2c022946b036
02302a8a-37e8-4fde-b16f-0b3e0faebc45,412b9088-7333-4c63-8568-85b337d9cebb
02302a8a-37e8-4fde-b16f-0b3e0faebc45,ee57dd72-4389-4137-ad42-58693da3aee0
82a1f74b-3f9c-4fc9-8ce1-44143d46e9c7,412b9088-7333-4c63-8568-85b337d9cebb
82a1f74b-3f9c-4fc9-8ce1-44143d46e9c7,8e368306-8669-4597-b1bb-77b9f69e7641
82a1f74b-3f9c-4fc9-8ce1-44143d46e9c7,ee57dd72-4389-4137-ad42-58693da3aee0
8addaec4-a5ad-4c99-b381-616d0f6e94b1,cdf85f70-3160-4363-bb7c-02ada933bd22
8addaec4-a5ad-4c99-b381-616d0f6e94b1,8e368306-8669-4597-b1bb-77b9f69e7641
dc1c4a93-f9b4-4f94-be69-18a1a2bf3258,a6b8678e-56e1-4fc2-a106-7e5819b94a9c
167036cc-f267-4478-9d8e-2380a90f858a,490c0d9c-3d52-42ac-8ed7-5d9117161ff8
167036cc-f267-4478-9d8e-2380a90f858a,42b80c2a-0d8f-435e-8a47-19d96fc77591
1d0ca6b0-eb93-4858-b7a0-7c84153ef257,9d84da3b-d89b-41d5-92d6-42aee2ba23fe
1d0ca6b0-eb93-4858-b7a0-7c84153ef257,490c0d9c-3d52-42ac-8ed7-5d9117161ff8
e8d9145e-b355-4c1e-a546-c356b2ab7078,cdf85f70-3160-4363-bb7c-02ada933bd22
