application_id,officer_id
1c71e1e9-a6f2-4624-b861-8635677def43,48755f3f-825b-41ac-8344-7ea3714dfa91
44573730-a203-48a1-96e3-ac21bcd6408a,9444725b-1ea8-45ce-a99f-c4fb7e12b494
7a3c017c-11fa-48f2-abab-2c3713c2a367,d521c49a-cb4f-4046-8018-f6ac783f64d3
d8171b76-f1f2-4070-8e12-0c061d6a5d05,500eb610-2bda-4ee2-b0ba-9ec248fc9fa6
d8171b76-f1f2-4070-8e12-0c061d6a5d05,f064c5fe-3114-41de-b308-bcd522b01d91
d8171b76-f1f2-4070-8e12-0c061d6a5d05,76e9e125-9de4-4c11-b026-ea25c08607ae
8f8fa944-2d30-4098-8001-953dc924cef7,51506531-1f59-48c1-b715-44472da4818c
8f8fa944-2d30-4098-8001-953dc924cef7,4e5c20dc-4387-4702-a859-f7e5cdf26bb8
8f8fa944-2d30-4098-8001-953dc924cef7,36460ed4-4d92-47a6-97f5-582234f23cf4
5eb9d672-9014-4522-87a7-ea5ae68f8387,7eaa9443-883f-4e48-b5d9-f15cf439d66d
5ef29c76-50f9-4dc0-ab7c-bad79ae64380,4e5c20dc-4387-4702-a859-f7e5cdf26bb8
5ef29c76-50f9-4dc0-ab7c-bad79ae64380,d521c49a-cb4f-4046-8018-f6ac783f64d3
4c212712-a57f-4ec3-8d97-6694d58b1145,b3a7a4c6-49b3-4a58-a5ae-2fd8283373d8
4c212712-a57f-4ec3-8d97-6694d58b1145,08f2071f-0767-465e-8205-8a1d23dec8ba
4c212712-a57f-4ec3-8d97-6694d58b1145,b3a7a4c6-49b3-4a58-a5ae-2fd8283373d8
28869f4a-5f2f-4130-83b1-21adee41798d,36460ed4-4d92-47a6-97f5-582234f23cf4
28869f4a-5f2f-4130-83b1-21adee41798d,2ea102c1-8feb-4f9f-b46e-27a8f0d494db
28869f4a-5f2f-4130-83b1-21adee41798d,96cd42ed-989d-4dfe-b3fb-ba460f665aa6
6e06a0d7-6c2e-4f3d-9d7a-f7560f6030df,dc9cab27-5719-44b9-b817-7127367d0f01
6e06a0d7-6c2e-4f3d-9d7a-f7560f6030df,51506531-1f59-48c1-b715-44472da4818c
6e06a0d7-6c2e-4f3d-9d7a-f7560f6030df,96cd42ed-989d-4dfe-b3fb-ba460f665aa6
431234ff-310f-4dfd-9f97-4fa48c6ebf09,d521c49a-cb4f-4046-8018-f6ac783f64d3
9c09e8b5-42ee-4288-8e1b-6a99ed7e1f6d,51506531-1f59-48c1-b715-44472da4818c
9c09e8b5-42ee-4288-8e1b-6a99ed7e1f6d,9444725b-1ea8-45ce-a99f-c4fb7e12b494
9c09e8b5-42ee-4288-8e1b-6a99ed7e1f6d,9444725b-1ea8-45ce-a99f-c4fb7e12b494
8a223584-e15a-42af-beb6-93a3b4e8bbab,2ea102c1-8feb-4f9f-b46e-27a8f0d494db
8a223584-e15a-42af-beb6-93a3b4e8bbab,07108b17-736e-4b6f-997a-37a41e488eac
78575a9c-7a1d-455a-931e-7f82cc9beffe,51506531-1f59-48c1-b715-44472da4818c
8a9326fc-e00b-4795-9078-a282460f1191,60e79ab0-fb28-47a4-a635-144967c1b1da
8a9326fc-e00b-4795-9078-a282460f1191,f064c5fe-3114-41de-b308-bcd522b01d91
8a9326fc-e00b-4795-9078-a282460f1191,07108b17-736e-4b6f-997a-37a41e488eac
6ad5b6bd-4713-4419-842a-b33ce79dc7bd,36460ed4-4d92-47a6-97f5-582234f23cf4
6ad5b6bd-4713-4419-842a-b33ce79dc7bd,7eaa9443-883f-4e48-b5d9-f15cf439d66d
d3c3a1ea-646f-4084-a239-7e379706e7f6,76e9e125-9de4-4c11-b026-ea25c08607ae
d3c3a1ea-646f-4084-a239-7e379706e7f6,ab3b9fa8-c4a2-49ad-b0aa-f7170d96146f
6b72cd31-bc66-46d7-a9f9-3127da73abeb,60e79ab0-fb28-47a4-a635-144967c1b1da
6b72cd31-bc66-46d7-a9f9-3127da73abeb,f75d7ff5-89b2-448e-a0e8-442e38e751de
d2a857f6-6010-4fa3-afbc-f03f4ff179af,f75d7ff5-89b2-448e-a0e8-442e38e751de
739ddc66-1199-43ff-9404-3770988aa2cf,0fe52e9b-9125-4596-9b32-e07c6b9b8f81
15c1eb67-9609-4f09-b019-0b180f2422e8,76e9e125-9de4-4c11-b026-ea25c08607ae
15c1eb67-9609-4f09-b019-0b180f2422e8,f75d7ff5-89b2-448e-a0e8-442e38e751de
bc3fdddc-7a30-45c8-9f7c-c8bccc0f606e,f75d7ff5-89b2-448e-a0e8-442e38e751de
bc3fdddc-7a30-45c8-9f7c-c8bccc0f606e,ab3b9fa8-c4a2-49ad-b0aa-f7170d96146f
bc3fdddc-7a30-45c8-9f7c-c8bccc0f606e,4e5c20dc-4387-4702-a859-f7e5cdf26bb8
46ea873b-2cad-415d-bcce-0f8d02e4bc27,500eb610-2bda-4ee2-b0ba-9ec248fc9fa6
46ea873b-2cad-415d-bcce-0f8d02e4bc27,4e5c20dc-4387-4702-a859-f7e5cdf26bb8
7b9c8350-46fe-4fbd-8368-33c9b744664a,f064c5fe-3114-41de-b308-bcd522b01d91
7b9c8350-46fe-4fbd-8368-33c9b744664a,4e5c20dc-4387-4702-a859-f7e5cdf26bb8
439e3a90-2575-4f64-96c9-9aa745361df6,48755f3f-825b-41ac-8344-7ea3714dfa91
439e3a90-2575-4f64-96c9-9aa745361df6,d521c49a-cb4f-4046-8018-f6ac783f64d3
439e3a90-2575-4f64-96c9-9aa745361df6,36460ed4-4d92-47a6-97f5-582234f23cf4
b097ec6f-393c-4869-b62e-dcfb18d27437,0fe52e9b-9125-4596-9b32-e07c6b9b8f81
93208b7a-4f1a-40ae-9d99-bebebfd6f731,08f2071f-0767-465e-8205-8a1d23dec8ba
83813222-667a-40a1-8334-ddf1b238bc7f,96cd42ed-989d-4dfe-b3fb-ba460f665aa6
830c98e1-e6e0-4f9a-8d2b-0e08d0215f99,96cd42ed-989d-4dfe-b3fb-ba460f665aa6
830c98e1-e6e0-4f9a-8d2b-0e08d0215f99,7eaa9443-883f-4e48-b5d9-f15cf439d66d
7f8fdb8c-2de7-46f8-a8a5-17fe64125108,f75d7ff5-89b2-448e-a0e8-442e38e751de
7f8fdb8c-2de7-46f8-a8a5-17fe64125108,500eb610-2bda-4ee2-b0ba-9ec248fc9fa6
00518453-6c61-4ad8-9bbb-e3b322b87c04,f75d7ff5-89b2-448e-a0e8-442e38e751de
00518453-6c61-4ad8-9bbb-e3b322b87c04,36460ed4-4d92-47a6-97f5-582234f23cf4
c28a5903-31a3-47f4-959e-1b3d85f081f9,500eb610-2bda-4ee2-b0ba-9ec248fc9fa6
f7dc4114-5cda-433a-b8ad-f1844a550cc7,7eaa9443-883f-4e48-b5d9-f15cf439d66d
f7dc4114-5cda-433a-b8ad-f1844a550cc7,76e9e125-9de4-4c11-b026-ea25c08607ae
f7dc4114-5cda-433a-b8ad-f1844a550cc7,08f2071f-0767-465e-8205-8a1d23dec8ba
82f2fc12-a51d-45ec-b7ff-173563409b54,2ea102c1-8feb-4f9f-b46e-27a8f0d494db
82f2fc12-a51d-45ec-b7ff-173563409b54,dc9cab27-5719-44b9-b817-7127367d0f01
82f2fc12-a51d-45ec-b7ff-173563409b54,36460ed4-4d92-47a6-97f5-582234f23cf4
2051b347-dcf4-469d-a419-c52cbb881acc,d521c49a-cb4f-4046-8018-f6ac783f64d3
2051b347-dcf4-469d-a419-c52cbb881acc,f75d7ff5-89b2-448e-a0e8-442e38e751de
b7871f0c-70f1-4f03-93eb-9cbc9caac424,d521c49a-cb4f-4046-8018-f6ac783f64d3
b7871f0c-70f1-4f03-93eb-9cbc9caac424,36460ed4-4d92-47a6-97f5-582234f23cf4
18d346d9-f658-4e33-aa47-1cacc02ca578,9444725b-1ea8-45ce-a99f-c4fb7e12b494
18d346d9-f658-4e33-aa47-1cacc02ca578,76e9e125-9de4-4c11-b026-ea25c08607ae
c8503a44-32dc-497e-beb9-127cf3683af9,51506531-1f59-48c1-b715-44472da4818c
252cbf26-7552-4f09-993a-bc47c60edb61,7eaa9443-883f-4e48-b5d9-f15cf439d66d
81b87ab7-d2f8-49a9-9310-817e89cc7d82,0fe52e9b-9125-4596-9b32-e07c6b9b8f81
6140a2ce-d8ed-4a11-9d21-a8a9869594df,f75d7ff5-89b2-448e-a0e8-442e38e751de
e9d0e786-64ee-4fcb-bd0a-26c697f87816,9444725b-1ea8-45ce-a99f-c4fb7e12b494
e9d0e786-64ee-4fcb-bd0a-26c697f87816,51506531-1f59-48c1-b715-44472da4818c
e9d0e786-64ee-4fcb-bd0a-26c697f87816,51506531-1f59-48c1-b715-44472da4818c
7a391af4-fee5-442b-a522-ff96a70eaa7c,2ea102c1-8feb-4f9f-b46e-27a8f0d494db
7a391af4-fee5-442b-a522-ff96a70eaa7c,f064c5fe-3114-41de-b308-bcd522b01d91
7a391af4-fee5-442b-a522-ff96a70eaa7c,76e9e125-9de4-4c11-b026-ea25c08607ae
2bb79be4-3123-4cfe-b1f7-b8d7f9c7a048,08f2071f-0767-465e-8205-8a1d23dec8ba
2bb79be4-3123-4cfe-b1f7-b8d7f9c7a048,4e5c20dc-4387-4702-a859-f7e5cdf26bb8
dbd9afa9-95f7-4526-bf2d-6c2d3486dbb3,48755f3f-825b-41ac-8344-7ea3714dfa91
dbd9afa9-95f7-4526-bf2d-6c2d3486dbb3,07108b17-736e-4b6f-997a-37a41e488eac
dbd9afa9-95f7-4526-bf2d-6c2d3486dbb3,9444725b-1ea8-45ce-a99f-c4fb7e12b494
b29f4bdc-4691-49e1-a3ac-fdbb0f6aaa33,51506531-1f59-48c1-b715-44472da4818c
b29f4bdc-4691-49e1-a3ac-fdbb0f6aaa33,08f2071f-0767-465e-8205-8a1d23dec8ba
42cfae2e-4093-4100-a646-09770f3d7ed9,9444725b-1ea8-45ce-a99f-c4fb7e12b494
e05aa922-4930-45a0-a49b-379d503ecbf6,f064c5fe-3114-41de-b308-bcd522b01d91
e05aa922-4930-45a0-a49b-379d503ecbf6,b3a7a4c6-49b3-4a58-a5ae-2fd8283373d8
e4da5381-9b5a-40e5-8f8c-bfec8f11739b,07108b17-736e-4b6f-997a-37a41e488eac
e4da5381-9b5a-40e5-8f8c-bfec8f11739b,36460ed4-4d92-47a6-97f5-582234f23cf4
d2dcd1ea-43ad-49ce-a348-e55df5dde7a7,48755f3f-825b-41ac-8344-7ea3714dfa91
d2dcd1ea-43ad-49ce-a348-e55df5dde7a7,48755f3f-825b-41ac-8344-7ea3714dfa91
d2dcd1ea-43ad-49ce-a348-e55df5dde7a7,76e9e125-9de4-4c11-b026-ea25c08607ae
c62c3267-c93d-4f1c-8166-26c19801c560,08f2071f-0767-465e-8205-8a1d23dec8ba
d6b9ef54-458b-452c-9efe-13260a4999f2,f75d7ff5-89b2-448e-a0e8-442e38e751de
d6b9ef54-458b-452c-9efe-13260a4999f2,96cd42ed-989d-4dfe-b3fb-ba460f665aa6
fa7bc379-6486-445d-a9b9-74649603e83d,60e79ab0-fb28-47a4-a635-144967c1b1da
7b4ce5de-332f-4faa-ab7d-0c19b4d08e0d,08f2071f-0767-465e-8205-8a1d23dec8ba
11c2d8fe-13dd-4c07-895b-9ed69afdcc5b,08f2071f-0767-465e-8205-8a1d23dec8ba
11c2d8fe-13dd-4c07-895b-9ed69afdcc5b,0fe52e9b-9125-4596-9b32-e07c6b9b8f81
11c2d8fe-13dd-4c07-895b-9ed69afdcc5b,b3a7a4c6-49b3-4a58-a5ae-2fd8283373d8
64a74391-cd01-47dd-9492-461a42cc4924,51506531-1f59-48c1-b715-44472da4818c
64a74391-cd01-47dd-9492-461a42cc4924,2ea102c1-8feb-4f9f-b46e-27a8f0d494db
64a74391-cd01-47dd-9492-461a42cc4924,500eb610-2bda-4ee2-b0ba-9ec248fc9fa6
312e9eb4-2f22-4087-a1ca-4244eb76fae5,ab3b9fa8-c4a2-49ad-b0aa-f7170d96146f
312e9eb4-2f22-4087-a1ca-4244eb76fae5,36460ed4-4d92-47a6-97f5-582234f23cf4
312e9eb4-2f22-4087-a1ca-4244eb76fae5,76e9e125-9de4-4c11-b026-ea25c08607ae
dfafa09d-1f1c-4975-a065-8790fba31e87,f064c5fe-3114-41de-b308-bcd522b01d91
5641c425-2cc4-44d7-9ced-b67ab45c526c,dc9cab27-5719-44b9-b817-7127367d0f01
5641c425-2cc4-44d7-9ced-b67ab45c526c,48755f3f-825b-41ac-8344-7ea3714dfa91
5641c425-2cc4-44d7-9ced-b67ab45c526c,48755f3f-825b-41ac-8344-7ea3714dfa91
abcc928e-c27c-4f4b-91a8-2442a3cd8cb4,d521c49a-cb4f-4046-8018-f6ac783f64d3
b973932c-e9e3-4f80-8a62-e74877dae89a,ab3b9fa8-c4a2-49ad-b0aa-f7170d96146f
4b79e4f5-4bab-4f5c-95db-bcfa6754b803,d521c49a-cb4f-4046-8018-f6ac783f64d3
4b79e4f5-4bab-4f5c-95db-bcfa6754b803,51506531-1f59-48c1-b715-44472da4818c
04e11989-e60d-495f-a615-f0a44cf1c383,4e5c20dc-4387-4702-a859-f7e5cdf26bb8
702b2f98-cd9e-4dc1-90bf-357cb8fd07d7,ab3b9fa8-c4a2-49ad-b0aa-f7170d96146f
43ef2980-6d07-452b-a681-8b30f8b47b1a,36460ed4-4d92-47a6-97f5-582234f23cf4
43ef2980-6d07-452b-a681-8b30f8b47b1a,4e5c20dc-4387-4702-a859-f7e5cdf26bb8
43ef2980-6d07-452b-a681-8b30f8b47b1a,9444725b-1ea8-45ce-a99f-c4fb7e12b494
b0d0584e-f407-45a6-a385-1468fa4eca93,96cd42ed-989d-4dfe-b3fb-ba460f665aa6
b0d0584e-f407-45a6-a385-1468fa4eca93,b3a7a4c6-49b3-4a58-a5ae-2fd8283373d8
3add9c95-3611-409b-be48-c513ebe8d1ad,500eb610-2bda-4ee2-b0ba-9ec248fc9fa6
3add9c95-3611-409b-be48-c513ebe8d1ad,08f2071f-0767-465e-8205-8a1d23dec8ba
1916657a-63cd-4180-ab35-dc6e2d8c3b07,2ea102c1-8feb-4f9f-b46e-27a8f0d494db
7078ee4b-45e5-4be7-b2d7-f259156ddd57,f064c5fe-3114-41de-b308-bcd522b01d91
7078ee4b-45e5-4be7-b2d7-f259156ddd57,b3a7a4c6-49b3-4a58-a5ae-2fd8283373d8
7078ee4b-45e5-4be7-b2d7-f259156ddd57,b3a7a4c6-49b3-4a58-a5ae-2fd8283373d8
38ee5a3f-4b18-46e7-af30-f1b4207b34f9,0fe52e9b-9125-4596-9b32-e07c6b9b8f81
70fbbac7-5994-4982-9d5e-f80415eed8c0,500eb610-2bda-4ee2-b0ba-9ec248fc9fa6
70fbbac7-5994-4982-9d5e-f80415eed8c0,7eaa9443-883f-4e48-b5d9-f15cf439d66d
46f34285-e5ce-4e45-9679-a135ea3a5a65,500eb610-2bda-4ee2-b0ba-9ec248fc9fa6
46f34285-e5ce-4e45-9679-a135ea3a5a65,07108b17-736e-4b6f-997a-37a41e488eac
a8652cb4-2d8d-4794-b928-5e8d822d48e5,9444725b-1ea8-45ce-a99f-c4fb7e12b494
a8652cb4-2d8d-4794-b928-5e8d822d48e5,500eb610-2bda-4ee2-b0ba-9ec248fc9fa6
859fa498-8387-4faf-8b8b-ce836e8edb40,0fe52e9b-9125-4596-9b32-e07c6b9b8f81
859fa498-8387-4faf-8b8b-ce836e8edb40,08f2071f-0767-465e-8205-8a1d23dec8ba
3113ca13-6b5b-4cad-9e61-03e4aa1dc7d5,51506531-1f59-48c1-b715-44472da4818c
3113ca13-6b5b-4cad-9e61-03e4aa1dc7d5,ab3b9fa8-c4a2-49ad-b0aa-f7170d96146f
3113ca13-6b5b-4cad-9e61-03e4aa1dc7d5,9444725b-1ea8-45ce-a99f-c4fb7e12b494
e7dec990-8735-43a1-8f93-99d573724ea8,7eaa9443-883f-4e48-b5d9-f15cf439d66d
e7dec990-8735-43a1-8f93-99d573724ea8,76e9e125-9de4-4c11-b026-ea25c08607ae
e7dec990-8735-43a1-8f93-99d573724ea8,500eb610-2bda-4ee2-b0ba-9ec248fc9fa6
0027f979-60d5-42f7-9256-6e4692cab54d,9444725b-1ea8-45ce-a99f-c4fb7e12b494
9c0c1476-7c6b-4a03-9903-90947d6d0f0b,dc9cab27-5719-44b9-b817-7127367d0f01
9c0c1476-7c6b-4a03-9903-90947d6d0f0b,96cd42ed-989d-4dfe-b3fb-ba460f665aa6
8231f67f-6b40-43ab-992d-e9513aab066c,dc9cab27-5719-44b9-b817-7127367d0f01
ffec99c2-0342-44c9-8b47-33330a9dbe6a,76e9e125-9de4-4c11-b026-ea25c08607ae
ffec99c2-0342-44c9-8b47-33330a9dbe6a,51506531-1f59-48c1-b715-44472da4818c
16d3114f-ec45-403b-b66f-3ee30de6a466,dc9cab27-5719-44b9-b817-7127367d0f01
16d3114f-ec45-403b-b66f-3ee30de6a466,9444725b-1ea8-45ce-a99f-c4fb7e12b494
16d3114f-ec45-403b-b66f-3ee30de6a466,51506531-1f59-48c1-b715-44472da4818c
f3f0975f-d6aa-4a98-9af7-1755c0ed15db,76e9e125-9de4-4c11-b026-ea25c08607ae
f3f0975f-d6aa-4a98-9af7-1755c0ed15db,ab3b9fa8-c4a2-49ad-b0aa-f7170d96146f
f3f0975f-d6aa-4a98-9af7-1755c0ed15db,2ea102c1-8feb-4f9f-b46e-27a8f0d494db
a1573354-beb2-485e-99af-5f101c82958a,f064c5fe-3114-41de-b308-bcd522b01d91
a1573354-beb2-485e-99af-5f101c82958a,500eb610-2bda-4ee2-b0ba-9ec248fc9fa6
5bd5d03a-77e7-43fb-82e1-8aff745da780,2ea102c1-8feb-4f9f-b46e-27a8f0d494db
5bd5d03a-77e7-43fb-82e1-8aff745da780,dc9cab27-5719-44b9-b817-7127367d0f01
0707122d-c40e-4401-a597-25133c844f2c,0fe52e9b-9125-4596-9b32-e07c6b9b8f81
0707122d-c40e-4401-a597-25133c844f2c,b3a7a4c6-49b3-4a58-a5ae-2fd8283373d8
0707122d-c40e-4401-a597-25133c844f2c,b3a7a4c6-49b3-4a58-a5ae-2fd8283373d8
ab7dcbd5-69d0-4542-bceb-62433038d8f3,76e9e125-9de4-4c11-b026-ea25c08607ae
ab7dcbd5-69d0-4542-bceb-62433038d8f3,b3a7a4c6-49b3-4a58-a5ae-2fd8283373d8
ab7dcbd5-69d0-4542-bceb-62433038d8f3,500eb610-2bda-4ee2-b0ba-9ec248fc9fa6
f73d447f-827f-4a1e-bc94-b06cf2b90056,07108b17-736e-4b6f-997a-37a41e488eac
6ec86400-5210-458b-bd19-03785f275680,9444725b-1ea8-45ce-a99f-c4fb7e12b494
6ec86400-5210-458b-bd19-03785f275680,f064c5fe-3114-41de-b308-bcd522b01d91
6ec86400-5210-458b-bd19-03785f275680,0fe52e9b-9125-4596-9b32-e07c6b9b8f81
fd4612ce-3be0-42b5-b259-db59c5644eb4,0fe52e9b-9125-4596-9b32-e07c6b9b8f81
7333ad60-bc2f-4572-94b7-4180f8d0cb94,b3a7a4c6-49b3-4a58-a5ae-2fd8283373d8
7333ad60-bc2f-4572-94b7-4180f8d0cb94,2ea102c1-8feb-4f9f-b46e-27a8f0d494db
7333ad60-bc2f-4572-94b7-4180f8d0cb94,f064c5fe-3114-41de-b308-bcd522b01d91
dcaad79e-0fae-4736-82ca-29ed77f92366,96cd42ed-989d-4dfe-b3fb-ba460f665aa6
dcaad79e-0fae-4736-82ca-29ed77f92366,ab3b9fa8-c4a2-49ad-b0aa-f7170d96146f
dcaad79e-0fae-4736-82ca-29ed77f92366,b3a7a4c6-49b3-4a58-a5ae-2fd8283373d8
b1ae4b85-661e-4367-9e58-2e1618b48bf9,500eb610-2bda-4ee2-b0ba-9ec248fc9fa6
b1ae4b85-661e-4367-9e58-2e1618b48bf9,500eb610-2bda-4ee2-b0ba-9ec248fc9fa6
b1ae4b85-661e-4367-9e58-2e1618b48bf9,b3a7a4c6-49b3-4a58-a5ae-2fd8283373d8
9ef6cfec-0aa5-4ce8-b8a0-8b27b8ddd7e5,2ea102c1-8feb-4f9f-b46e-27a8f0d494db
7448dac5-b0bb-40e8-b544-6e1eeb21ae76,60e79ab0-fb28-47a4-a635-144967c1b1da
7448dac5-b0bb-40e8-b544-6e1eeb21ae76,60e79ab0-fb28-47a4-a635-144967c1b1da
a67ee49c-1ef1-4188-a899-d772207f4621,96cd42ed-989d-4dfe-b3fb-ba460f665aa6
1570bc0d-5eed-4d24-bcdc-616513416eba,60e79ab0-fb28-47a4-a635-144967c1b1da
1570bc0d-5eed-4d24-bcdc-616513416eba,76e9e125-9de4-4c11-b026-ea25c08607ae
ae1c8231-58c7-4ce7-93de-5c827bfed49d,500eb610-2bda-4ee2-b0ba-9ec248fc9fa6
62f6d70c-8a0f-4006-875e-97750600cc2f,500eb610-2bda-4ee2-b0ba-9ec248fc9fa6
ac7c68ea-defe-4e1f-b643-5dce15c324c7,4e5c20dc-4387-4702-a859-f7e5cdf26bb8
d6e7c698-64bb-4bc7-a284-45e1a2404cb8,51506531-1f59-48c1-b715-44472da4818c
5d1e1e0c-f28f-4c04-9d68-8d691118ca4e,9444725b-1ea8-45ce-a99f-c4fb7e12b494
bc0eee2a-ef55-42eb-b6d4-2e43145b7871,08f2071f-0767-465e-8205-8a1d23dec8ba
bc0eee2a-ef55-42eb-b6d4-2e43145b7871,51506531-1f59-48c1-b715-44472da4818c
ad15694c-225f-4fd5-94a1-fca3b0487254,76e9e125-9de4-4c11-b026-ea25c08607ae
670b97e8-9f84-4a72-982c-206b2c09afc5,96cd42ed-989d-4dfe-b3fb-ba460f665aa6
670b97e8-9f84-4a72-982c-206b2c09afc5,2ea102c1-8feb-4f9f-b46e-27a8f0d494db
23c74b7b-73ad-404c-a085-f52193f33033,ab3b9fa8-c4a2-49ad-b0aa-f7170d96146f
23c74b7b-73ad-404c-a085-f52193f33033,9444725b-1ea8-45ce-a99f-c4fb7e12b494
23c74b7b-73ad-404c-a085-f52193f33033,76e9e125-9de4-4c11-b026-ea25c08607ae
4dabfbb0-f368-43f7-a084-65c6a0acf146,ab3b9fa8-c4a2-49ad-b0aa-f7170d96146f
4dabfbb0-f368-43f7-a084-65c6a0acf146,dc9cab27-5719-44b9-b817-7127367d0f01
4dabfbb0-f368-43f7-a084-65c6a0acf146,08f2071f-0767-465e-8205-8a1d23dec8ba
981a40b9-cf97-47c0-af0c-eb52dca777eb,36460ed4-4d92-47a6-97f5-582234f23cf4
1b26f3ef-ef45-4c6d-aa27-78f727316348,d521c49a-cb4f-4046-8018-f6ac783f64d3
1b26f3ef-ef45-4c6d-aa27-78f727316348,96cd42ed-989d-4dfe-b3fb-ba460f665aa6
1b26f3ef-ef45-4c6d-aa27-78f727316348,51506531-1f59-48c1-b715-44472da4818c
05885300-18b8-46ac-bfe2-a28949951a64,b3a7a4c6-49b3-4a58-a5ae-2fd8283373d8
05885300-18b8-46ac-bfe2-a28949951a64,48755f3f-825b-41ac-8344-7ea3714dfa91
3ac2fc1a-b7e9-4c77-81e6-3019c9d99e02,9444725b-1ea8-45ce-a99f-c4fb7e12b494
3ac2fc1a-b7e9-4c77-81e6-3019c9d99e02,9444725b-1ea8-45ce-a99f-c4fb7e12b494
6b4112eb-4e6c-4ec1-babb-a1cc6b0fda94,08f2071f-0767-465e-8205-8a1d23dec8ba
f085ff76-7b23-4845-b93f-eaa5800f28f5,76e9e125-9de4-4c11-b026-ea25c08607ae
f085ff76-7b23-4845-b93f-eaa5800f28f5,60e79ab0-fb28-47a4-a635-144967c1b1da
f085ff76-7b23-4845-b93f-eaa5800f28f5,f75d7ff5-89b2-448e-a0e8-442e38e751de
3672efee-b01f-4de9-af26-508b60a1febf,0fe52e9b-9125-4596-9b32-e07c6b9b8f81
3672efee-b01f-4de9-af26-508b60a1febf,f064c5fe-3114-41de-b308-bcd522b01d91
1194a2c7-428f-40f9-bd6c-c3590110c53f,96cd42ed-989d-4dfe-b3fb-ba460f665aa6
3682c997-8965-4c15-834a-0a95e1c60ff4,7eaa9443-883f-4e48-b5d9-f15cf439d66d
5b8adc1a-ad6f-4ccf-aae2-6cbe027b8016,500eb610-2bda-4ee2-b0ba-9ec248fc9fa6
58f2c3d8-5964-40ab-974a-0c3ec830865b,51506531-1f59-48c1-b715-44472da4818c
58f2c3d8-5964-40ab-974a-0c3ec830865b,76e9e125-9de4-4c11-b026-ea25c08607ae
68fde01d-6d19-4447-bccf-8daa650a5619,7eaa9443-883f-4e48-b5d9-f15cf439d66d
68fde01d-6d19-4447-bccf-8daa650a5619,d521c49a-cb4f-4046-8018-f6ac783f64d3
e9634dc2-6525-443a-870b-13dd18fc8871,500eb610-2bda-4ee2-b0ba-9ec248fc9fa6
e9634dc2-6525-443a-870b-13dd18fc8871,dc9cab27-5719-44b9-b817-7127367d0f01
05f1ea5c-3d6f-4cd6-9dba-87dcc0d75383,96cd42ed-989d-4dfe-b3fb-ba460f665aa6
05f1ea5c-3d6f-4cd6-9dba-87dcc0d75383,f064c5fe-3114-41de-b308-bcd522b01d91
05f1ea5c-3d6f-4cd6-9dba-87dcc0d75383,48755f3f-825b-41ac-8344-7ea3714dfa91
7669cd82-af2e-4da9-9e13-d91058679f07,36460ed4-4d92-47a6-97f5-582234f23cf4
7669cd82-af2e-4da9-9e13-d91058679f07,48755f3f-825b-41ac-8344-7ea3714dfa91
ca569099-c746-489f-aba7-657320955133,9444725b-1ea8-45ce-a99f-c4fb7e12b494
ca569099-c746-489f-aba7-657320955133,b3a7a4c6-49b3-4a58-a5ae-2fd8283373d8
ca569099-c746-489f-aba7-657320955133,07108b17-736e-4b6f-997a-37a41e488eac
16c7e462-4af5-4849-a3b6-fcc487daf182,96cd42ed-989d-4dfe-b3fb-ba460f665aa6
16c7e462-4af5-4849-a3b6-fcc487daf182,f75d7ff5-89b2-448e-a0e8-442e38e751de
16c7e462-4af5-4849-a3b6-fcc487daf182,60e79ab0-fb28-47a4-a635-144967c1b1da
32852bfb-8ac9-42b1-8d59-83057b1ada0b,b3a7a4c6-49b3-4a58-a5ae-2fd8283373d8
32852bfb-8ac9-42b1-8d59-83057b1ada0b,0fe52e9b-9125-4596-9b32-e07c6b9b8f81
32852bfb-8ac9-42b1-8d59-83057b1ada0b,d521c49a-cb4f-4046-8018-f6ac783f64d3
c1e0ed6d-3a5a-4ee2-98fc-12e5798f2fa7,d521c49a-cb4f-4046-8018-f6ac783f64d3
c1e0ed6d-3a5a-4ee2-98fc-12e5798f2fa7,f75d7ff5-89b2-448e-a0e8-442e38e751de
c1e0ed6d-3a5a-4ee2-98fc-12e5798f2fa7,48755f3f-825b-41ac-8344-7ea3714dfa91
965376a6-b200-4b8c-9f56-fab9759106fc,f75d7ff5-89b2-448e-a0e8-442e38e751de
965376a6-b200-4b8c-9f56-fab9759106fc,7eaa9443-883f-4e48-b5d9-f15cf439d66d
28f26fa5-6995-4a51-bca9-05ab495c1a92,51506531-1f59-48c1-b715-44472da4818c
28f26fa5-6995-4a51-bca9-05ab495c1a92,2ea102c1-8feb-4f9f-b46e-27a8f0d494db
28f26fa5-6995-4a51-bca9-05ab495c1a92,36460ed4-4d92-47a6-97f5-582234f23cf4
f576c2d4-edcc-4d0f-a900-bccdd8c802c0,b3a7a4c6-49b3-4a58-a5ae-2fd8283373d8
c5b35a5d-2085-4817-934c-0175c91a37b1,48755f3f-825b-41ac-8344-7ea3714dfa91
b3770203-aa19-4157-b3d6-6dc95e268ea7,ab3b9fa8-c4a2-49ad-b0aa-f7170d96146f
b3770203-aa19-4157-b3d6-6dc95e268ea7,51506531-1f59-48c1-b715-44472da4818c
b3770203-aa19-4157-b3d6-6dc95e268ea7,51506531-1f59-48c1-b715-44472da4818c
d6d6eb69-3478-4749-b85d-4846f62dd851,500eb610-2bda-4ee2-b0ba-9ec248fc9fa6
217f97c3-9a76-4bf7-8e72-1424e5d1b839,ab3b9fa8-c4a2-49ad-b0aa-f7170d96146f
bb41342b-97f3-49ae-a5b1-41ddeae2f0ba,f064c5fe-3114-41de-b308-bcd522b01d91
bb41342b-97f3-49ae-a5b1-41ddeae2f0ba,51506531-1f59-48c1-b715-44472da4818c
a16f325d-0b1e-4827-99e5-a2f5e15d12a0,9444725b-1ea8-45ce-a99f-c4fb7e12b494
a16f325d-0b1e-4827-99e5-a2f5e15d12a0,d521c49a-cb4f-4046-8018-f6ac783f64d3
8e48ac42-aa0d-483e-8359-817d39bc844d,2ea102c1-8feb-4f9f-b46e-27a8f0d494db
b1ad3c54-895a-4f22-8aff-0536af2d1a3c,500eb610-2bda-4ee2-b0ba-9ec248fc9fa6
b1ad3c54-895a-4f22-8aff-0536af2d1a3c,9444725b-1ea8-45ce-a99f-c4fb7e12b494
b1ad3c54-895a-4f22-8aff-0536af2d1a3c,f75d7ff5-89b2-448e-a0e8-442e38e751de
88e7ad31-fc2c-40e5-994e-142577a5bae1,ab3b9fa8-c4a2-49ad-b0aa-f7170d96146f
88e7ad31-fc2c-40e5-994e-142577a5bae1,60e79ab0-fb28-47a4-a635-144967c1b1da
88e7ad31-fc2c-40e5-994e-142577a5bae1,08f2071f-0767-465e-8205-8a1d23dec8ba
da0aa5b9-6d60-4c1c-8225-d49c1f3697ff,dc9cab27-5719-44b9-b817-7127367d0f01
da0aa5b9-6d60-4c1c-8225-d49c1f3697ff,4e5c20dc-4387-4702-a859-f7e5cdf26bb8
818fc62d-1cfb-4a68-ab8b-426aeb0640c3,0fe52e9b-9125-4596-9b32-e07c6b9b8f81
818fc62d-1cfb-4a68-ab8b-426aeb0640c3,07108b17-736e-4b6f-997a-37a41e488eac
93aa4a60-b98c-4f84-a736-e9a8dea4f317,9444725b-1ea8-45ce-a99f-c4fb7e12b494
93aa4a60-b98c-4f84-a736-e9a8dea4f317,f75d7ff5-89b2-448e-a0e8-442e38e751de
93aa4a60-b98c-4f84-a736-e9a8dea4f317,36460ed4-4d92-47a6-97f5-582234f23cf4
bd11ba98-2a8b-481c-acd5-dc7b9e814b17,0fe52e9b-9125-4596-9b32-e07c6b9b8f81
98b95420-ef61-42dc-a55f-bf246b813886,b3a7a4c6-49b3-4a58-a5ae-2fd8283373d8
98b95420-ef61-42dc-a55f-bf246b813886,d521c49a-cb4f-4046-8018-f6ac783f64d3
98b95420-ef61-42dc-a55f-bf246b813886,08f2071f-0767-465e-8205-8a1d23dec8ba
ac7105bf-fd92-4b9a-a76b-0d2bc0db53dc,60e79ab0-fb28-47a4-a635-144967c1b1da
1d2a79a7-0b65-45f1-bebc-671fe54c741b,08f2071f-0767-465e-8205-8a1d23dec8ba
1d2a79a7-0b65-45f1-bebc-671fe54c741b,76e9e125-9de4-4c11-b026-ea25c08607ae
4d3a98c9-8ce0-477e-a7f4-4857978dc704,96cd42ed-989d-4dfe-b3fb-ba460f665aa6
46369c03-c13c-47e1-a18b-6cce6af974b4,2ea102c1-8feb-4f9f-b46e-27a8f0d494db
26e9bedd-bd57-4237-9b9e-ca2d04e2bc46,96cd42ed-989d-4dfe-b3fb-ba460f665aa6
26e9bedd-bd57-4237-9b9e-ca2d04e2bc46,7eaa9443-883f-4e48-b5d9-f15cf439d66d
e4cc8598-1823-49d7-8e6b-021ba3fe52c6,d521c49a-cb4f-4046-8018-f6ac783f64d3
e4cc8598-1823-49d7-8e6b-021ba3fe52c6,36460ed4-4d92-47a6-97f5-582234f23cf4
e4cc8598-1823-49d7-8e6b-021ba3fe52c6,76e9e125-9de4-4c11-b026-ea25c08607ae
58c85e1d-0abe-4d0f-93f1-37c39ee8540e,36460ed4-4d92-47a6-97f5-582234f23cf4
58c85e1d-0abe-4d0f-93f1-37c39ee8540e,f064c5fe-3114-41de-b308-bcd522b01d91
222c0125-b6d7-40f7-9b88-d8570b799ebe,08f2071f-0767-465e-8205-8a1d23dec8ba
72a83155-8678-4f47-a7ee-02ae8178ae82,9444725b-1ea8-45ce-a99f-c4fb7e12b494
519d4db0-38c0-4bc1-b4cb-b45538f46659,36460ed4-4d92-47a6-97f5-582234f23cf4
93208992-0f5c-4b89-89ad-b8da96bb30fc,60e79ab0-fb28-47a4-a635-144967c1b1da
93208992-0f5c-4b89-89ad-b8da96bb30fc,96cd42ed-989d-4dfe-b3fb-ba460f665aa6
54108d1f-8c37-48fd-8918-ff8e82e472fa,7eaa9443-883f-4e48-b5d9-f15cf439d66d
3fa980b5-1374-47a8-942a-65fec94ead02,f75d7ff5-89b2-448e-a0e8-442e38e751de
3fa980b5-1374-47a8-942a-65fec94ead02,d521c49a-cb4f-4046-8018-f6ac783f64d3
5d5dbcc0-bd12-4f92-939c-0f6f1f59e74e,2ea102c1-8feb-4f9f-b46e-27a8f0d494db
e5a2b5a4-449a-4152-bb37-93f2493d2d7d,500eb610-2bda-4ee2-b0ba-9ec248fc9fa6
a84162a5-354a-4f66-910d-dea0c71bfb15,07108b17-736e-4b6f-997a-37a41e488eac
a84162a5-354a-4f66-910d-dea0c71bfb15,60e79ab0-fb28-47a4-a635-144967c1b1da
a84162a5-354a-4f66-910d-dea0c71bfb15,96cd42ed-989d-4dfe-b3fb-ba460f665aa6
8565945c-b94c-4da2-90e4-17950cf2d652,96cd42ed-989d-4dfe-b3fb-ba460f665aa6
8565945c-b94c-4da2-90e4-17950cf2d652,2ea102c1-8feb-4f9f-b46e-27a8f0d494db
041b94fe-a200-4a50-bcea-66ca7235c17c,2ea102c1-8feb-4f9f-b46e-27a8f0d494db
041b94fe-a200-4a50-bcea-66ca7235c17c,96cd42ed-989d-4dfe-b3fb-ba460f665aa6
041b94fe-a200-4a50-bcea-66ca7235c17c,ab3b9fa8-c4a2-49ad-b0aa-f7170d96146f
987b3f89-7bae-4c30-aedc-4fc07f33ab0e,ab3b9fa8-c4a2-49ad-b0aa-f7170d96146f
987b3f89-7bae-4c30-aedc-4fc07f33ab0e,08f2071f-0767-465e-8205-8a1d23dec8ba
987b3f89-7bae-4c30-aedc-4fc07f33ab0e,60e79ab0-fb28-47a4-a635-144967c1b1da
e4da6902-aaeb-4238-b601-79ff18076292,f064c5fe-3114-41de-b308-bcd522b01d91
e4da6902-aaeb-4238-b601-79ff18076292,2ea102c1-8feb-4f9f-b46e-27a8f0d494db
0f13ca3b-7152-4289-9b69-4831b0a7810b,48755f3f-825b-41ac-8344-7ea3714dfa91
585bbc58-bd1d-4148-83f6-57293bfd5f14,2ea102c1-8feb-4f9f-b46e-27a8f0d494db
585bbc58-bd1d-4148-83f6-57293bfd5f14,500eb610-2bda-4ee2-b0ba-9ec248fc9fa6
9d647c0e-3a51-46d5-89b2-8a82857f80f4,ab3b9fa8-c4a2-49ad-b0aa-f7170d96146f
ae65ade3-0d7b-452c-9f0b-5d9097e2f607,7eaa9443-883f-4e48-b5d9-f15cf439d66d
ae65ade3-0d7b-452c-9f0b-5d9097e2f607,36460ed4-4d92-47a6-97f5-582234f23cf4
13bd0d99-ac2c-4363-974e-2769fd66c408,dc9cab27-5719-44b9-b817-7127367d0f01
13bd0d99-ac2c-4363-974e-2769fd66c408,d521c49a-cb4f-4046-8018-f6ac783f64d3
13bd0d99-ac2c-4363-974e-2769fd66c408,9444725b-1ea8-45ce-a99f-c4fb7e12b494
fa75f2c3-8017-4a2c-928b-270b914c6a09,4e5c20dc-4387-4702-a859-f7e5cdf26bb8
fa75f2c3-8017-4a2c-928b-270b914c6a09,0fe52e9b-9125-4596-9b32-e07c6b9b8f81
b621834e-75b5-4e9b-bafe-c3531594ac9d,60e79ab0-fb28-47a4-a635-144967c1b1da
b621834e-75b5-4e9b-bafe-c3531594ac9d,2ea102c1-8feb-4f9f-b46e-27a8f0d494db
aaa8dc76-de7c-431b-a149-672335f6d11a,08f2071f-0767-465e-8205-8a1d23dec8ba
aaa8dc76-de7c-431b-a149-672335f6d11a,ab3b9fa8-c4a2-49ad-b0aa-f7170d96146f
aaa8dc76-de7c-431b-a149-672335f6d11a,08f2071f-0767-465e-8205-8a1d23dec8ba
8fc9895a-05b8-46f8-b1b1-2bd512591fc9,60e79ab0-fb28-47a4-a635-144967c1b1da
8fc9895a-05b8-46f8-b1b1-2bd512591fc9,f75d7ff5-89b2-448e-a0e8-442e38e751de
8fc9895a-05b8-46f8-b1b1-2bd512591fc9,f064c5fe-3114-41de-b308-bcd522b01d91
deeadeb5-0584-45e9-bbc6-350da0ea4d71,9444725b-1ea8-45ce-a99f-c4fb7e12b494
deeadeb5-0584-45e9-bbc6-350da0ea4d71,08f2071f-0767-465e-8205-8a1d23dec8ba
a6797031-51db-45fa-8b51-fd01cdc57625,7eaa9443-883f-4e48-b5d9-f15cf439d66d
a6797031-51db-45fa-8b51-fd01cdc57625,dc9cab27-5719-44b9-b817-7127367d0f01
f4ffe5c0-8fb4-4068-b767-9f39d0cf8d1f,f064c5fe-3114-41de-b308-bcd522b01d91
f4ffe5c0-8fb4-4068-b767-9f39d0cf8d1f,d521c49a-cb4f-4046-8018-f6ac783f64d3
5c30be88-dcaf-4717-ac7e-308e19843f73,48755f3f-825b-41ac-8344-7ea3714dfa91
04aa47dc-be27-4780-99cc-3e62e5153ade,36460ed4-4d92-47a6-97f5-582234f23cf4
af49dcc6-2b21-46c6-aaef-813550622e01,48755f3f-825b-41ac-8344-7ea3714dfa91
3191ecd8-cc16-47f0-8559-112042159ec4,dc9cab27-5719-44b9-b817-7127367d0f01
3191ecd8-cc16-47f0-8559-112042159ec4,36460ed4-4d92-47a6-97f5-582234f23cf4
416e0b8c-6230-449e-b074-a4685325512d,f064c5fe-3114-41de-b308-bcd522b01d91
416e0b8c-6230-449e-b074-a4685325512d,dc9cab27-5719-44b9-b817-7127367d0f01
a14467e5-0446-41f2-bd84-170e85e2b706,0fe52e9b-9125-4596-9b32-e07c6b9b8f81
a14467e5-0446-41f2-bd84-170e85e2b706,96cd42ed-989d-4dfe-b3fb-ba460f665aa6
a14467e5-0446-41f2-bd84-170e85e2b706,08f2071f-0767-465e-8205-8a1d23dec8ba
e714fc6c-8960-40c1-b1e4-427e3997b47e,4e5c20dc-4387-4702-a859-f7e5cdf26bb8
e714fc6c-8960-40c1-b1e4-427e3997b47e,7eaa9443-883f-4e48-b5d9-f15cf439d66d
87e20e78-2161-4141-bb73-a3e2568558d0,2ea102c1-8feb-4f9f-b46e-27a8f0d494db
87e20e78-2161-4141-bb73-a3e2568558d0,36460ed4-4d92-47a6-97f5-582234f23cf4
87e20e78-2161-4141-bb73-a3e2568558d0,7eaa9443-883f-4e48-b5d9-f15cf439d66d
cb690050-a77f-4b56-8ca8-a8ac2a3e94e6,b3a7a4c6-49b3-4a58-a5ae-2fd8283373d8
cb690050-a77f-4b56-8ca8-a8ac2a3e94e6,07108b17-736e-4b6f-997a-37a41e488eac
acc03bf8-37b9-4b69-8cb7-af4b06cd285c,48755f3f-825b-41ac-8344-7ea3714dfa91
acc03bf8-37b9-4b69-8cb7-af4b06cd285c,b3a7a4c6-49b3-4a58-a5ae-2fd8283373d8
5a30af3a-c2ed-45a3-8e70-938b8cf2f2a4,4e5c20dc-4387-4702-a859-f7e5cdf26bb8
5a30af3a-c2ed-45a3-8e70-938b8cf2f2a4,9444725b-1ea8-45ce-a99f-c4fb7e12b494
328d1cd4-da66-466c-bb57-685962be854e,4e5c20dc-4387-4702-a859-f7e5cdf26bb8
fe79b552-ade3-4bb3-8790-af459ed192c6,9444725b-1ea8-45ce-a99f-c4fb7e12b494
fe79b552-ade3-4bb3-8790-af459ed192c6,2ea102c1-8feb-4f9f-b46e-27a8f0d494db
fe79b552-ade3-4bb3-8790-af459ed192c6,500eb610-2bda-4ee2-b0ba-9ec248fc9fa6
c3adc6a1-57ca-463f-ad5b-c3ec61e7e923,b3a7a4c6-49b3-4a58-a5ae-2fd8283373d8
c3adc6a1-57ca-463f-ad5b-c3ec61e7e923,f064c5fe-3114-41de-b308-bcd522b01d91
857e9fe1-b157-43a0-9afa-c4a9645a49fb,500eb610-2bda-4ee2-b0ba-9ec248fc9fa6
89c857df-9fa9-4cb1-b5b4-919dbf3dff1a,96cd42ed-989d-4dfe-b3fb-ba460f665aa6
a5d5e8d6-310d-4654-829e-58d283a52600,4e5c20dc-4387-4702-a859-f7e5cdf26bb8
a5d5e8d6-310d-4654-829e-58d283a52600,dc9cab27-5719-44b9-b817-7127367d0f01
a5d5e8d6-310d-4654-829e-58d283a52600,4e5c20dc-4387-4702-a859-f7e5cdf26bb8
73f820c3-4a50-4532-82fc-0367a40b349f,60e79ab0-fb28-47a4-a635-144967c1b1da
f1e273e8-9655-4ad6-b4e6-724061a4bb9c,76e9e125-9de4-4c11-b026-ea25c08607ae
58a7a292-df16-4b27-bc81-f06efed21167,d521c49a-cb4f-4046-8018-f6ac783f64d3
58a7a292-df16-4b27-bc81-f06efed21167,7eaa9443-883f-4e48-b5d9-f15cf439d66d
9c089edc-6806-4ec3-9b7b-b5068dc6306f,51506531-1f59-48c1-b715-44472da4818c
e25413a2-7d35-4131-bc47-a91eb92e7ec5,36460ed4-4d92-47a6-97f5-582234f23cf4
e25413a2-7d35-4131-bc47-a91eb92e7ec5,dc9cab27-5719-44b9-b817-7127367d0f01
d99b824b-8f46-482c-b982-85a174d35b10,60e79ab0-fb28-47a4-a635-144967c1b1da
d99b824b-8f46-482c-b982-85a174d35b10,51506531-1f59-48c1-b715-44472da4818c
4603b62b-7055-49eb-8d76-9475e08c63aa,2ea102c1-8feb-4f9f-b46e-27a8f0d494db
4603b62b-7055-49eb-8d76-9475e08c63aa,76e9e125-9de4-4c11-b026-ea25c08607ae
4603b62b-7055-49eb-8d76-9475e08c63aa,f75d7ff5-89b2-448e-a0e8-442e38e751de
59a9bbc9-f541-464f-bdb9-a5f317c018fd,48755f3f-825b-41ac-8344-7ea3714dfa91
59a9bbc9-f541-464f-bdb9-a5f317c018fd,9444725b-1ea8-45ce-a99f-c4fb7e12b494
cae37634-8db4-4ed2-98e7-8f310244fdd4,76e9e125-9de4-4c11-b026-ea25c08607ae
cae37634-8db4-4ed2-98e7-8f310244fdd4,36460ed4-4d92-47a6-97f5-582234f23cf4
cae37634-8db4-4ed2-98e7-8f310244fdd4,9444725b-1ea8-45ce-a99f-c4fb7e12b494
0a0f283b-3bb6-47d1-94a5-d4f1dedbc103,b3a7a4c6-49b3-4a58-a5ae-2fd8283373d8
0a0f283b-3bb6-47d1-94a5-d4f1dedbc103,f064c5fe-3114-41de-b308-bcd522b01d91
0a0f283b-3bb6-47d1-94a5-d4f1dedbc103,dc9cab27-5719-44b9-b817-7127367d0f01
9bdc9290-b544-4bac-aef1-8f79bcbfc7c5,d521c49a-cb4f-4046-8018-f6ac783f64d3
ea33c70a-fef5-43e0-8a99-d25d849bb642,500eb610-2bda-4ee2-b0ba-9ec248fc9fa6
a65f9d5d-76e3-43c0-8504-f4e2c0c7b03d,08f2071f-0767-465e-8205-8a1d23dec8ba
a65f9d5d-76e3-43c0-8504-f4e2c0c7b03d,b3a7a4c6-49b3-4a58-a5ae-2fd8283373d8
26c51e36-8b5c-479e-acef-93d4aa47121f,08f2071f-0767-465e-8205-8a1d23dec8ba
26c51e36-8b5c-479e-acef-93d4aa47121f,f75d7ff5-89b2-448e-a0e8-442e38e751de
26c51e36-8b5c-479e-acef-93d4aa47121f,d521c49a-cb4f-4046-8018-f6ac783f64d3
361481e1-5058-466f-b2b1-dbc2ec29e721,60e79ab0-fb28-47a4-a635-144967c1b1da
361481e1-5058-466f-b2b1-dbc2ec29e721,48755f3f-825b-41ac-8344-7ea3714dfa91
361481e1-5058-466f-b2b1-dbc2ec29e721,f75d7ff5-89b2-448e-a0e8-442e38e751de
f0e87ba9-c868-4e65-9cc1-3a5875ca526e,96cd42ed-989d-4dfe-b3fb-ba460f665aa6
f0e87ba9-c868-4e65-9cc1-3a5875ca526e,08f2071f-0767-465e-8205-8a1d23dec8ba
fe9814e7-8ea1-4633-b956-155f228fc6fe,500eb610-2bda-4ee2-b0ba-9ec248fc9fa6
fe9814e7-8ea1-4633-b956-155f228fc6fe,60e79ab0-fb28-47a4-a635-144967c1b1da
bbce6761-a433-452c-83a9-ac2af925e893,ab3b9fa8-c4a2-49ad-b0aa-f7170d96146f
c4356e85-ca69-4749-93fc-f6c041c9b759,96cd42ed-989d-4dfe-b3fb-ba460f665aa6
c4356e85-ca69-4749-93fc-f6c041c9b759,4e5c20dc-4387-4702-a859-f7e5cdf26bb8
bd2c65b1-decc-43b7-b296-0ec3ad549437,07108b17-736e-4b6f-997a-37a41e488eac
64c9ef41-9349-49ce-b0f6-5e8fefd08290,f064c5fe-3114-41de-b308-bcd522b01d91
64c9ef41-9349-49ce-b0f6-5e8fefd08290,60e79ab0-fb28-47a4-a635-144967c1b1da
04a87d90-0584-407f-8247-f073f9b57260,0fe52e9b-9125-4596-9b32-e07c6b9b8f81
04a87d90-0584-407f-8247-f073f9b57260,dc9cab27-5719-44b9-b817-7127367d0f01
04a87d90-0584-407f-8247-f073f9b57260,08f2071f-0767-465e-8205-8a1d23dec8ba
898ac796-b942-4d76-9bc8-b1e9187aa039,dc9cab27-5719-44b9-b817-7127367d0f01
898ac796-b942-4d76-9bc8-b1e9187aa039,60e79ab0-fb28-47a4-a635-144967c1b1da
898ac796-b942-4d76-9bc8-b1e9187aa039,500eb610-2bda-4ee2-b0ba-9ec248fc9fa6
7f099285-87a1-426b-8989-5f319fa427a8,76e9e125-9de4-4c11-b026-ea25c08607ae
7f099285-87a1-426b-8989-5f319fa427a8,ab3b9fa8-c4a2-49ad-b0aa-f7170d96146f
7ff9cc41-ca3f-4d41-8d40-c89f7329d1b9,4e5c20dc-4387-4702-a859-f7e5cdf26bb8
7ff9cc41-ca3f-4d41-8d40-c89f7329d1b9,0fe52e9b-9125-4596-9b32-e07c6b9b8f81
abfa3b72-3292-47e8-8253-5cbe124a415a,9444725b-1ea8-45ce-a99f-c4fb7e12b494
abfa3b72-3292-47e8-8253-5cbe124a415a,2ea102c1-8feb-4f9f-b46e-27a8f0d494db
abfa3b72-3292-47e8-8253-5cbe124a415a,76e9e125-9de4-4c11-b026-ea25c08607ae
7d51fed2-680c-485b-b30d-0b5f111ea372,07108b17-736e-4b6f-997a-37a41e488eac
7d51fed2-680c-485b-b30d-0b5f111ea372,9444725b-1ea8-45ce-a99f-c4fb7e12b494
7d51fed2-680c-485b-b30d-0b5f111ea372,ab3b9fa8-c4a2-49ad-b0aa-f7170d96146f
9f94d58c-092a-4388-9c22-bbb0688e7ac3,d521c49a-cb4f-4046-8018-f6ac783f64d3
9f94d58c-092a-4388-9c22-bbb0688e7ac3,60e79ab0-fb28-47a4-a635-144967c1b1da
2232cee3-039a-4c76-8bc2-982312567472,9444725b-1ea8-45ce-a99f-c4fb7e12b494
11f68238-88e3-46df-81ec-fb6306467cc8,51506531-1f59-48c1-b715-44472da4818c
11f68238-88e3-46df-81ec-fb6306467cc8,96cd42ed-989d-4dfe-b3fb-ba460f665aa6
11f68238-88e3-46df-81ec-fb6306467cc8,7eaa9443-883f-4e48-b5d9-f15cf439d66d
53aaeafe-e91b-4d20-aee7-baa140eacd8e,07108b17-736e-4b6f-997a-37a41e488eac
b4ed20df-a985-4ac7-9ef0-c3108b9681c6,0fe52e9b-9125-4596-9b32-e07c6b9b8f81
b4ed20df-a985-4ac7-9ef0-c3108b9681c6,96cd42ed-989d-4dfe-b3fb-ba460f665aa6
b4ed20df-a985-4ac7-9ef0-c3108b9681c6,08f2071f-0767-465e-8205-8a1d23dec8ba
a7b826e0-24cd-4001-85d2-cf76f28ef5ee,07108b17-736e-4b6f-997a-37a41e488eac
a7b826e0-24cd-4001-85d2-cf76f28ef5ee,76e9e125-9de4-4c11-b026-ea25c08607ae
a7b826e0-24cd-4001-85d2-cf76f28ef5ee,d521c49a-cb4f-4046-8018-f6ac783f64d3
09b5ca64-41fb-41d7-abc6-dcbeb16489fe,4e5c20dc-4387-4702-a859-f7e5cdf26bb8
25904fb4-0ffc-43e1-855b-924bed183967,48755f3f-825b-41ac-8344-7ea3714dfa91
25904fb4-0ffc-43e1-855b-924bed183967,96cd42ed-989d-4dfe-b3fb-ba460f665aa6
95fecc87-630a-4354-8d24-9bd8915c2b65,f75d7ff5-89b2-448e-a0e8-442e38e751de
15dab88d-514c-4dd4-b28f-4516e2dcfe38,dc9cab27-5719-44b9-b817-7127367d0f01
f242662a-ce9a-4c96-9667-b6392fe09ded,b3a7a4c6-49b3-4a58-a5ae-2fd8283373d8
f242662a-ce9a-4c96-9667-b6392fe09ded,60e79ab0-fb28-47a4-a635-144967c1b1da
f242662a-ce9a-4c96-9667-b6392fe09ded,7eaa9443-883f-4e48-b5d9-f15cf439d66d
a35c3888-86f1-4ced-9477-bb175e31b7ed,f75d7ff5-89b2-448e-a0e8-442e38e751de
a35c3888-86f1-4ced-9477-bb175e31b7ed,dc9cab27-5719-44b9-b817-7127367d0f01
a530d32d-4a5a-4049-9edb-3138b8296cdc,500eb610-2bda-4ee2-b0ba-9ec248fc9fa6
a530d32d-4a5a-4049-9edb-3138b8296cdc,36460ed4-4d92-47a6-97f5-582234f23cf4
a530d32d-4a5a-4049-9edb-3138b8296cdc,f75d7ff5-89b2-448e-a0e8-442e38e751de
ec5bd017-d5e8-433b-b118-6563ebfba155,07108b17-736e-4b6f-997a-37a41e488eac
ec5bd017-d5e8-433b-b118-6563ebfba155,ab3b9fa8-c4a2-49ad-b0aa-f7170d96146f
ec5bd017-d5e8-433b-b118-6563ebfba155,36460ed4-4d92-47a6-97f5-582234f23cf4
1b675c6b-aed5-4ed2-a384-77c8cf9dba94,7eaa9443-883f-4e48-b5d9-f15cf439d66d
1b675c6b-aed5-4ed2-a384-77c8cf9dba94,07108b17-736e-4b6f-997a-37a41e488eac
370e27d8-cac0-4a94-af80-96f6aea1e6f7,0fe52e9b-9125-4596-9b32-e07c6b9b8f81
b6661660-ce97-49d4-8ce7-0fa3f8ffad6b,07108b17-736e-4b6f-997a-37a41e488eac
b6661660-ce97-49d4-8ce7-0fa3f8ffad6b,f064c5fe-3114-41de-b308-bcd522b01d91
d9e21574-b8a9-4c36-a271-91ca91162fd4,dc9cab27-5719-44b9-b817-7127367d0f01
d9e21574-b8a9-4c36-a271-91ca91162fd4,96cd42ed-989d-4dfe-b3fb-ba460f665aa6
3cafaa55-3940-4ddb-89e3-fd647a6b2d8c,dc9cab27-5719-44b9-b817-7127367d0f01
3cafaa55-3940-4ddb-89e3-fd647a6b2d8c,08f2071f-0767-465e-8205-8a1d23dec8ba
1503320f-22db-4799-bc2e-55d26cba09a4,51506531-1f59-48c1-b715-44472da4818c
1503320f-22db-4799-bc2e-55d26cba09a4,96cd42ed-989d-4dfe-b3fb-ba460f665aa6
6c07e94f-d182-4898-9d40-911412446d39,76e9e125-9de4-4c11-b026-ea25c08607ae
6c07e94f-d182-4898-9d40-911412446d39,51506531-1f59-48c1-b715-44472da4818c
6c07e94f-d182-4898-9d40-911412446d39,0fe52e9b-9125-4596-9b32-e07c6b9b8f81
10d9596d-d1de-47b2-95de-5a367c22d33f,500eb610-2bda-4ee2-b0ba-9ec248fc9fa6
0704e09b-c101-4cab-9ecf-ce33a82c986b,08f2071f-0767-465e-8205-8a1d23dec8ba
0704e09b-c101-4cab-9ecf-ce33a82c986b,60e79ab0-fb28-47a4-a635-144967c1b1da
0704e09b-c101-4cab-9ecf-ce33a82c986b,36460ed4-4d92-47a6-97f5-582234f23cf4
b9c8ea83-1456-4052-bfb1-8de49a4c0b42,60e79ab0-fb28-47a4-a635-144967c1b1da
b9c8ea83-1456-4052-bfb1-8de49a4c0b42,07108b17-736e-4b6f-997a-37a41e488eac
b9c8ea83-1456-4052-bfb1-8de49a4c0b42,08f2071f-0767-465e-8205-8a1d23dec8ba
4dce3f07-a907-4598-87be-77f6cff57b1b,60e79ab0-fb28-47a4-a635-144967c1b1da
4dce3f07-a907-4598-87be-77f6cff57b1b,08f2071f-0767-465e-8205-8a1d23dec8ba
87aa4f9b-6f2d-4055-8c54-fd782a82f8a2,2ea102c1-8feb-4f9f-b46e-27a8f0d494db
87aa4f9b-6f2d-4055-8c54-fd782a82f8a2,48755f3f-825b-41ac-8344-7ea3714dfa91
11b949d7-6e44-4538-a741-aa773d3a3a13,76e9e125-9de4-4c11-b026-ea25c08607ae
11b949d7-6e44-4538-a741-aa773d3a3a13,4e5c20dc-4387-4702-a859-f7e5cdf26bb8
11b949d7-6e44-4538-a741-aa773d3a3a13,76e9e125-9de4-4c11-b026-ea25c08607ae
8941b5ae-9a05-44c8-9cb8-c0dedd9e1828,2ea102c1-8feb-4f9f-b46e-27a8f0d494db
85fe64a7-cfba-4456-8658-d69120395a26,4e5c20dc-4387-4702-a859-f7e5cdf26bb8
17478478-675c-4ee0-9c7b-179bd08f0ef4,08f2071f-0767-465e-8205-8a1d23dec8ba
17478478-675c-4ee0-9c7b-179bd08f0ef4,b3a7a4c6-49b3-4a58-a5ae-2fd8283373d8
1e676f10-6a47-46cb-92aa-3df038314156,36460ed4-4d92-47a6-97f5-582234f23cf4
1e676f10-6a47-46cb-92aa-3df038314156,4e5c20dc-4387-4702-a859-f7e5cdf26bb8
69ab1ed1-1e24-48b3-b154-e5ade06ae2a8,500eb610-2bda-4ee2-b0ba-9ec248fc9fa6
78802276-5070-4044-864a-e0a37c9b12d3,36460ed4-4d92-47a6-97f5-582234f23cf4
2b532871-3eaa-4931-ad84-e1d6645bc706,08f2071f-0767-465e-8205-8a1d23dec8ba
27fe726f-0f87-40f0-89d4-f26caaf398f3,dc9cab27-5719-44b9-b817-7127367d0f01
27fe726f-0f87-40f0-89d4-f26caaf398f3,07108b17-736e-4b6f-997a-37a41e488eac
c185e83e-d9e7-4f2b-b0dd-b75cd1d438f9,07108b17-736e-4b6f-997a-37a41e488eac
c185e83e-d9e7-4f2b-b0dd-b75cd1d438f9,f75d7ff5-89b2-448e-a0e8-442e38e751de
c185e83e-d9e7-4f2b-b0dd-b75cd1d438f9,51506531-1f59-48c1-b715-44472da4818c
537fba1c-0ca0-444d-981b-7f82f464b043,07108b17-736e-4b6f-997a-37a41e488eac
537fba1c-0ca0-444d-981b-7f82f464b043,96cd42ed-989d-4dfe-b3fb-ba460f665aa6
537fba1c-0ca0-444d-981b-7f82f464b043,2ea102c1-8feb-4f9f-b46e-27a8f0d494db
aae56bd9-a965-481a-b662-02a1cdf98c90,4e5c20dc-4387-4702-a859-f7e5cdf26bb8
1ffb5805-8531-41f7-9ac8-d33b52ec166f,48755f3f-825b-41ac-8344-7ea3714dfa91
1ffb5805-8531-41f7-9ac8-d33b52ec166f,07108b17-736e-4b6f-997a-37a41e488eac
1ffb5805-8531-41f7-9ac8-d33b52ec166f,07108b17-736e-4b6f-997a-37a41e488eac
f823d7f0-4643-401a-a4f3-682ff71a185b,96cd42ed-989d-4dfe-b3fb-ba460f665aa6
f823d7f0-4643-401a-a4f3-682ff71a185b,d521c49a-cb4f-4046-8018-f6ac783f64d3
f823d7f0-4643-401a-a4f3-682ff71a185b,48755f3f-825b-41ac-8344-7ea3714dfa91
cbd56234-aa5b-4e6c-b9a3-d28845d8ccd5,96cd42ed-989d-4dfe-b3fb-ba460f665aa6
cbd56234-aa5b-4e6c-b9a3-d28845d8ccd5,dc9cab27-5719-44b9-b817-7127367d0f01
cbd56234-aa5b-4e6c-b9a3-d28845d8ccd5,ab3b9fa8-c4a2-49ad-b0aa-f7170d96146f
286db018-cbde-400e-aadd-c44a8a400b53,b3a7a4c6-49b3-4a58-a5ae-2fd8283373d8
286db018-cbde-400e-aadd-c44a8a400b53,4e5c20dc-4387-4702-a859-f7e5cdf26bb8
286db018-cbde-400e-aadd-c44a8a400b53,07108b17-736e-4b6f-997a-37a41e488eac
3f3dfd21-1734-4a98-8a69-7d23b40c73bb,2ea102c1-8feb-4f9f-b46e-27a8f0d494db
3f3dfd21-1734-4a98-8a69-7d23b40c73bb,ab3b9fa8-c4a2-49ad-b0aa-f7170d96146f
01a347e1-8cf3-4f15-9016-d1431f79d2bc,b3a7a4c6-49b3-4a58-a5ae-2fd8283373d8
01a347e1-8cf3-4f15-9016-d1431f79d2bc,d521c49a-cb4f-4046-8018-f6ac783f64d3
3780f949-bec0-4263-9560-1f6c34a9ef47,d521c49a-cb4f-4046-8018-f6ac783f64d3
3780f949-bec0-4263-9560-1f6c34a9ef47,51506531-1f59-48c1-b715-44472da4818c
3780f949-bec0-4263-9560-1f6c34a9ef47,9444725b-1ea8-45ce-a99f-c4fb7e12b494
87b6f42e-5cd1-4a4e-ab12-0b9e97b8acbf,48755f3f-825b-41ac-8344-7ea3714dfa91
48ce6b46-dd4e-44d3-a485-e70081bfd8a7,4e5c20dc-4387-4702-a859-f7e5cdf26bb8
6646faf9-3574-49f0-b3ff-798a625f8625,51506531-1f59-48c1-b715-44472da4818c
ffa0f50f-af1e-432c-87cf-90a0b612c39e,2ea102c1-8feb-4f9f-b46e-27a8f0d494db
ffa0f50f-af1e-432c-87cf-90a0b612c39e,f064c5fe-3114-41de-b308-bcd522b01d91
71c68780-ca33-4887-bac1-eee6ab6774a5,2ea102c1-8feb-4f9f-b46e-27a8f0d494db
71c68780-ca33-4887-bac1-eee6ab6774a5,08f2071f-0767-465e-8205-8a1d23dec8ba
71c68780-ca33-4887-bac1-eee6ab6774a5,36460ed4-4d92-47a6-97f5-582234f23cf4
ae73ce96-5331-4501-b68f-5bc24ecee02c,dc9cab27-5719-44b9-b817-7127367d0f01
ae73ce96-5331-4501-b68f-5bc24ecee02c,b3a7a4c6-49b3-4a58-a5ae-2fd8283373d8
5c261e7c-b7a3-4f9b-a034-ccc24bf8dee9,b3a7a4c6-49b3-4a58-a5ae-2fd8283373d8
70940a5d-c126-4800-ae77-2fa109579bb5,500eb610-2bda-4ee2-b0ba-9ec248fc9fa6
70940a5d-c126-4800-ae77-2fa109579bb5,48755f3f-825b-41ac-8344-7ea3714dfa91
e5eafacc-a1f8-4c07-b510-cb5dcf40dc9b,dc9cab27-5719-44b9-b817-7127367d0f01
11d4bfb1-7d66-406a-bd2f-7361e36e9b44,2ea102c1-8feb-4f9f-b46e-27a8f0d494db
11d4bfb1-7d66-406a-bd2f-7361e36e9b44,4e5c20dc-4387-4702-a859-f7e5cdf26bb8
1a7dc5ff-138c-4259-ac6c-dd5fde49b070,48755f3f-825b-41ac-8344-7ea3714dfa91
1a7dc5ff-138c-4259-ac6c-dd5fde49b070,96cd42ed-989d-4dfe-b3fb-ba460f665aa6
1a7dc5ff-138c-4259-ac6c-dd5fde49b070,d521c49a-cb4f-4046-8018-f6ac783f64d3
0380812b-87ad-4b57-820a-e56755e93592,ab3b9fa8-c4a2-49ad-b0aa-f7170d96146f
0380812b-87ad-4b57-820a-e56755e93592,b3a7a4c6-49b3-4a58-a5ae-2fd8283373d8
c208c12b-3b68-405c-af69-23a710b8c6fa,dc9cab27-5719-44b9-b817-7127367d0f01
d8ef2c52-fd2c-4e91-90e8-d5c4ca9d5b6f,60e79ab0-fb28-47a4-a635-144967c1b1da
d8ef2c52-fd2c-4e91-90e8-d5c4ca9d5b6f,48755f3f-825b-41ac-8344-7ea3714dfa91
5a9f9ce0-9b6d-4ee0-856f-ec5c331fc4fd,9444725b-1ea8-45ce-a99f-c4fb7e12b494
5a9f9ce0-9b6d-4ee0-856f-ec5c331fc4fd,48755f3f-825b-41ac-8344-7ea3714dfa91
afad0334-64dd-43b9-aa8b-9654e93d5b06,dc9cab27-5719-44b9-b817-7127367d0f01
afad0334-64dd-43b9-aa8b-9654e93d5b06,48755f3f-825b-41ac-8344-7ea3714dfa91
c9d59657-2f42-412d-b099-6af404bad7a9,d521c49a-cb4f-4046-8018-f6ac783f64d3
c9d59657-2f42-412d-b099-6af404bad7a9,7eaa9443-883f-4e48-b5d9-f15cf439d66d
02f2ffbd-5d27-4763-92c5-4dcc8d088ece,4e5c20dc-4387-4702-a859-f7e5cdf26bb8
02f2ffbd-5d27-4763-92c5-4dcc8d088ece,51506531-1f59-48c1-b715-44472da4818c
3b6c0fb5-c0b6-4982-b8f6-f810d82d128b,76e9e125-9de4-4c11-b026-ea25c08607ae
2845d51e-3f79-4d57-9e43-72e5ba8b0974,f064c5fe-3114-41de-b308-bcd522b01d91
2845d51e-3f79-4d57-9e43-72e5ba8b0974,0fe52e9b-9125-4596-9b32-e07c6b9b8f81
2af4d700-e22a-475f-ae6f-ddb00c45d6dc,9444725b-1ea8-45ce-a99f-c4fb7e12b494
2af4d700-e22a-475f-ae6f-ddb00c45d6dc,0fe52e9b-9125-4596-9b32-e07c6b9b8f81
2af4d700-e22a-475f-ae6f-ddb00c45d6dc,2ea102c1-8feb-4f9f-b46e-27a8f0d494db
d25a7f53-2d4a-4e38-840d-f06a1b095a91,36460ed4-4d92-47a6-97f5-582234f23cf4
d25a7f53-2d4a-4e38-840d-f06a1b095a91,b3a7a4c6-49b3-4a58-a5ae-2fd8283373d8
d25a7f53-2d4a-4e38-840d-f06a1b095a91,76e9e125-9de4-4c11-b026-ea25c08607ae
9002392f-3acb-4bc1-b7ea-d21d34005575,76e9e125-9de4-4c11-b026-ea25c08607ae
455b492e-f4ca-4606-981d-4a94dcf852dc,500eb610-2bda-4ee2-b0ba-9ec248fc9fa6
9ec51d71-3bf0-4d8f-a532-51faafa2ffc1,500eb610-2bda-4ee2-b0ba-9ec248fc9fa6
d61fb957-e00b-4568-8dca-419f026ca62b,7eaa9443-883f-4e48-b5d9-f15cf439d66d
d61fb957-e00b-4568-8dca-419f026ca62b,76e9e125-9de4-4c11-b026-ea25c08607ae
f72e3d81-5d9a-4e8c-8a41-dc7d3bd5d83b,96cd42ed-989d-4dfe-b3fb-ba460f665aa6
f72e3d81-5d9a-4e8c-8a41-dc7d3bd5d83b,76e9e125-9de4-4c11-b026-ea25c08607ae
bfdab28a-c194-49d3-b187-c9e4be6d2d27,60e79ab0-fb28-47a4-a635-144967c1b1da
f4dcdfe4-e1e6-44ea-a2f0-2721f0aa128c,9444725b-1ea8-45ce-a99f-c4fb7e12b494
f4dcdfe4-e1e6-44ea-a2f0-2721f0aa128c,7eaa9443-883f-4e48-b5d9-f15cf439d66d
f4dcdfe4-e1e6-44ea-a2f0-2721f0aa128c,f064c5fe-3114-41de-b308-bcd522b01d91
e09ef752-2d29-4773-a8a2-6e3782b079ad,7eaa9443-883f-4e48-b5d9-f15cf439d66d
e09ef752-2d29-4773-a8a2-6e3782b079ad,f75d7ff5-89b2-448e-a0e8-442e38e751de
e09ef752-2d29-4773-a8a2-6e3782b079ad,500eb610-2bda-4ee2-b0ba-9ec248fc9fa6
69013e21-504f-4aad-af09-b32fddfe8e5e,51506531-1f59-48c1-b715-44472da4818c
69013e21-504f-4aad-af09-b32fddfe8e5e,51506531-1f59-48c1-b715-44472da4818c
6a66836f-661f-4ab0-a6e1-c297e2f52581,ab3b9fa8-c4a2-49ad-b0aa-f7170d96146f
2dd040f5-6e55-4fcb-bdca-5226a434d110,4e5c20dc-4387-4702-a859-f7e5cdf26bb8
2dd040f5-6e55-4fcb-bdca-5226a434d110,b3a7a4c6-49b3-4a58-a5ae-2fd8283373d8
2dd040f5-6e55-4fcb-bdca-5226a434d110,76e9e125-9de4-4c11-b026-ea25c08607ae
3027763c-2f43-40f2-b1b3-b15f954870a7,76e9e125-9de4-4c11-b026-ea25c08607ae
2884599a-6850-40fe-a9c2-793e3a86889f,dc9cab27-5719-44b9-b817-7127367d0f01
fe01b588-e291-442d-ac90-50a20a9c5681,500eb610-2bda-4ee2-b0ba-9ec248fc9fa6
84eba9df-2b19-4bcd-ac70-7d3ad54c27b2,f064c5fe-3114-41de-b308-bcd522b01d91
84eba9df-2b19-4bcd-ac70-7d3ad54c27b2,2ea102c1-8feb-4f9f-b46e-27a8f0d494db
