application_id,customer_id,loan_amount,purpose_of_loan,application_date
1c71e1e9-a6f2-4624-b861-8635677def43,4d453ef7-8b18-4700-8e8e-5dccba5019d5,176595.04,Personal,2024-05-18
44573730-a203-48a1-96e3-ac21bcd6408a,5080beff-6deb-42d1-ac27-56500f1fe3fe,442055.19,Medical,2022-12-07
7a3c017c-11fa-48f2-abab-2c3713c2a367,256148e2-d7a2-47f8-82df-5b80b0d590a7,221132.08,Personal,2022-03-30
d8171b76-f1f2-4070-8e12-0c061d6a5d05,7b96b62b-c833-4131-9691-e73a4ee92d30,408384.76,Business,2020-04-22
8f8fa944-2d30-4098-8001-953dc924cef7,33d36fb5-7fd7-4c18-8507-927929fd8788,365504.21,Business,2021-03-16
5eb9d672-9014-4522-87a7-ea5ae68f8387,459c9c80-7fc1-438c-8b21-3576431eb9b5,292406.15,Education,2024-01-19
5ef29c76-50f9-4dc0-ab7c-bad79ae64380,bc3a3c4e-4fa7-40b9-bc06-20a48b4013ce,9419.2,Home Improvement,2021-01-29
4c212712-a57f-4ec3-8d97-6694d58b1145,d468346c-fd3f-4692-a570-c9b3abd0b4bf,188128.89,Personal,2024-04-26
28869f4a-5f2f-4130-83b1-21adee41798d,ae49cf89-54c2-466f-a6c2-47a5b927b47b,427465.88,Personal,2023-01-08
6e06a0d7-6c2e-4f3d-9d7a-f7560f6030df,905caf1f-a537-491b-928b-d756fcfd8f7d,352870.6,Education,2023-02-05
431234ff-310f-4dfd-9f97-4fa48c6ebf09,5764c538-06b6-419a-bca9-f58b454fbe7d,16014.84,Business,2023-03-17
9c09e8b5-42ee-4288-8e1b-6a99ed7e1f6d,4d453ef7-8b18-4700-8e8e-5dccba5019d5,233061.91,Home Improvement,2024-03-03
8a223584-e15a-42af-beb6-93a3b4e8bbab,b7469e07-cb22-4aca-82e2-422a022631ae,253679.34,Education,2022-01-06
78575a9c-7a1d-455a-931e-7f82cc9beffe,2317ac2f-7d83-4087-a2aa-3fda5c2b7af6,449142.17,Home Improvement,2024-09-29
8a9326fc-e00b-4795-9078-a282460f1191,29148d1e-7ae7-4dba-96f2-4121c22a9870,363734.14,Medical,2024-11-30
6ad5b6bd-4713-4419-842a-b33ce79dc7bd,0ae37c35-c001-4b2c-88f1-1778da1eacf6,70771.6,Personal,2023-11-25
d3c3a1ea-646f-4084-a239-7e379706e7f6,3852775b-9a46-49fc-94ca-16d6008f3cb4,175571.1,Personal,2020-10-17
6b72cd31-bc66-46d7-a9f9-3127da73abeb,f6e1a480-1a3e-4136-ad1d-5de0576badb6,371069.51,Medical,2020-07-26
d2a857f6-6010-4fa3-afbc-f03f4ff179af,cf91d37e-c158-4f2c-960d-05b56da9c09f,340157.49,Medical,2023-07-12
739ddc66-1199-43ff-9404-3770988aa2cf,ae49cf89-54c2-466f-a6c2-47a5b927b47b,184188.96,Education,2024-02-02
15c1eb67-9609-4f09-b019-0b180f2422e8,3b2859fa-da2e-42d1-91c6-db40b99bf522,178430.01,Personal,2021-03-27
bc3fdddc-7a30-45c8-9f7c-c8bccc0f606e,39b77d20-84d0-45e1-b5d2-3225130e1575,336365.7,Medical,2022-06-16
46ea873b-2cad-415d-bcce-0f8d02e4bc27,3c6a7375-bea0-4006-98dd-92e014a27405,326212.34,Medical,2020-10-30
7b9c8350-46fe-4fbd-8368-33c9b744664a,83a37750-0001-4e4b-aa07-0ad2df8a6837,248006.83,Business,2023-11-08
439e3a90-2575-4f64-96c9-9aa745361df6,33d36fb5-7fd7-4c18-8507-927929fd8788,442626.89,Education,2024-09-06
b097ec6f-393c-4869-b62e-dcfb18d27437,09942b4e-aaf8-43c0-a9d4-90fb97f7e00a,318427.36,Education,2020-07-07
93208b7a-4f1a-40ae-9d99-bebebfd6f731,9b594097-edea-48cd-b27e-4c109599a21b,493753.48,Medical,2021-09-07
83813222-667a-40a1-8334-ddf1b238bc7f,66ae7631-709c-462f-a60f-76ac36c7fd8a,217255.99,Business,2022-12-11
830c98e1-e6e0-4f9a-8d2b-0e08d0215f99,a3a20918-e1e2-4473-8c40-1f7609363c4e,84484.46,Education,2023-09-19
7f8fdb8c-2de7-46f8-a8a5-17fe64125108,2317ac2f-7d83-4087-a2aa-3fda5c2b7af6,231013.5,Personal,2021-05-09
00518453-6c61-4ad8-9bbb-e3b322b87c04,d18cf183-e28f-44c4-b772-506c09255b82,437010.45,Personal,2020-01-26
c28a5903-31a3-47f4-959e-1b3d85f081f9,d468346c-fd3f-4692-a570-c9b3abd0b4bf,364501.24,Education,2021-03-25
f7dc4114-5cda-433a-b8ad-f1844a550cc7,13938e51-e826-4bd9-b712-326e91b200b4,444068.57,Medical,2021-01-18
82f2fc12-a51d-45ec-b7ff-173563409b54,ec95c89e-acf9-4d74-8593-2d67c1eeea1b,44986.3,Medical,2024-05-10
2051b347-dcf4-469d-a419-c52cbb881acc,5764c538-06b6-419a-bca9-f58b454fbe7d,52061.54,Medical,2021-08-25
b7871f0c-70f1-4f03-93eb-9cbc9caac424,cd52c6b5-78cb-47c3-8f5a-81f184b6523e,441423.25,Home Improvement,2020-03-01
18d346d9-f658-4e33-aa47-1cacc02ca578,fe014ad7-41a0-496b-acac-a75fee4c7427,139804.5,Home Improvement,2021-07-08
c8503a44-32dc-497e-beb9-127cf3683af9,dcdc2ebc-35d8-4bf2-b4ff-2e39fe5e4818,88649.85,Medical,2024-11-03
252cbf26-7552-4f09-993a-bc47c60edb61,27219f7f-3fa8-4a19-bf2e-321a59321e72,258116.65,Business,2022-03-29
81b87ab7-d2f8-49a9-9310-817e89cc7d82,6ed81117-be55-4be2-b24e-dd307102eb10,492517.45,Business,2023-02-07
6140a2ce-d8ed-4a11-9d21-a8a9869594df,66ae7631-709c-462f-a60f-76ac36c7fd8a,344874.4,Education,2022-10-18
e9d0e786-64ee-4fcb-bd0a-26c697f87816,f2828ba7-0abc-43dd-b82a-386bd4a75535,482175.94,Medical,2022-08-27
7a391af4-fee5-442b-a522-ff96a70eaa7c,bc3a3c4e-4fa7-40b9-bc06-20a48b4013ce,327279.63,Home Improvement,2021-02-18
2bb79be4-3123-4cfe-b1f7-b8d7f9c7a048,be6f5333-5d30-48d8-8417-4083fcb6e964,133948.29,Home Improvement,2021-09-26
dbd9afa9-95f7-4526-bf2d-6c2d3486dbb3,ff3308fb-adf9-44df-bcbf-b0df571bc171,41909.43,Home Improvement,2022-09-26
b29f4bdc-4691-49e1-a3ac-fdbb0f6aaa33,6ed81117-be55-4be2-b24e-dd307102eb10,137952.15,Education,2020-12-30
42cfae2e-4093-4100-a646-09770f3d7ed9,7348fb05-5221-42c9-bd23-7325dedc608a,19604.13,Medical,2023-08-04
e05aa922-4930-45a0-a49b-379d503ecbf6,23917fbb-def8-4e19-9e3b-f3c6285a283d,434911.68,Business,2024-03-20
e4da5381-9b5a-40e5-8f8c-bfec8f11739b,0c3a3cc1-809b-4735-ac43-999288f2b1eb,155470.04,Business,2023-02-07
d2dcd1ea-43ad-49ce-a348-e55df5dde7a7,a25ee6ce-9af6-44b7-9c05-9848aca6b1ae,80745.72,Personal,2020-08-02
c62c3267-c93d-4f1c-8166-26c19801c560,2317ac2f-7d83-4087-a2aa-3fda5c2b7af6,439584.58,Business,2020-01-13
d6b9ef54-458b-452c-9efe-13260a4999f2,6310138c-b931-4174-880f-288910332fbf,273332.77,Education,2021-01-27
fa7bc379-6486-445d-a9b9-74649603e83d,3b2859fa-da2e-42d1-91c6-db40b99bf522,431443.69,Home Improvement,2024-03-19
7b4ce5de-332f-4faa-ab7d-0c19b4d08e0d,290cb45e-4287-49c5-90c4-51f2a83f9d64,336560.12,Business,2023-03-30
11c2d8fe-13dd-4c07-895b-9ed69afdcc5b,45db5b3d-90f0-465e-9209-5b255b2bd0e5,97896.47,Personal,2022-10-10
64a74391-cd01-47dd-9492-461a42cc4924,80e7ce58-e9da-4727-84e5-cc804ce430d3,251045.71,Medical,2024-05-22
312e9eb4-2f22-4087-a1ca-4244eb76fae5,bc3a3c4e-4fa7-40b9-bc06-20a48b4013ce,360990.95,Business,2020-03-03
dfafa09d-1f1c-4975-a065-8790fba31e87,bc3a3c4e-4fa7-40b9-bc06-20a48b4013ce,163479.11,Home Improvement,2020-11-28
5641c425-2cc4-44d7-9ced-b67ab45c526c,290cb45e-4287-49c5-90c4-51f2a83f9d64,181617.03,Education,2023-08-30
abcc928e-c27c-4f4b-91a8-2442a3cd8cb4,256148e2-d7a2-47f8-82df-5b80b0d590a7,190127.0,Education,2021-01-16
b973932c-e9e3-4f80-8a62-e74877dae89a,f6e1a480-1a3e-4136-ad1d-5de0576badb6,383787.39,Business,2023-03-23
4b79e4f5-4bab-4f5c-95db-bcfa6754b803,061a3d84-647f-4ddb-b30c-54dff09a7eed,246607.67,Personal,2024-06-28
04e11989-e60d-495f-a615-f0a44cf1c383,33d36fb5-7fd7-4c18-8507-927929fd8788,311718.14,Home Improvement,2021-06-18
702b2f98-cd9e-4dc1-90bf-357cb8fd07d7,49ac621b-e9bf-4c32-82c8-2ec8e0d6ac2f,105770.84,Medical,2022-01-05
43ef2980-6d07-452b-a681-8b30f8b47b1a,bf88ff03-98ff-4f5d-bd12-f4c435249b40,362957.31,Business,2021-06-27
b0d0584e-f407-45a6-a385-1468fa4eca93,bc3a3c4e-4fa7-40b9-bc06-20a48b4013ce,113871.14,Home Improvement,2021-11-14
3add9c95-3611-409b-be48-c513ebe8d1ad,a3a20918-e1e2-4473-8c40-1f7609363c4e,251991.94,Medical,2024-06-19
1916657a-63cd-4180-ab35-dc6e2d8c3b07,ec95c89e-acf9-4d74-8593-2d67c1eeea1b,172968.01,Business,2021-02-13
7078ee4b-45e5-4be7-b2d7-f259156ddd57,d2a1aae1-7bc1-4892-bb85-c1fb77cf0e08,349673.82,Education,2021-12-31
38ee5a3f-4b18-46e7-af30-f1b4207b34f9,f238925d-d318-4e22-98e7-25915f698b46,110610.85,Business,2023-07-09
70fbbac7-5994-4982-9d5e-f80415eed8c0,f6e1a480-1a3e-4136-ad1d-5de0576badb6,437135.42,Home Improvement,2024-05-26
46f34285-e5ce-4e45-9679-a135ea3a5a65,02ef4e34-e4ae-4bd8-a493-d2ef128f4757,307624.07,Business,2024-07-14
a8652cb4-2d8d-4794-b928-5e8d822d48e5,bc3a3c4e-4fa7-40b9-bc06-20a48b4013ce,202520.34,Education,2022-02-02
859fa498-8387-4faf-8b8b-ce836e8edb40,6ed81117-be55-4be2-b24e-dd307102eb10,293979.98,Education,2021-09-20
3113ca13-6b5b-4cad-9e61-03e4aa1dc7d5,9b594097-edea-48cd-b27e-4c109599a21b,67330.39,Business,2022-10-16
e7dec990-8735-43a1-8f93-99d573724ea8,c3f7ff43-335b-469b-8282-a3785611f42f,478625.44,Personal,2023-08-08
0027f979-60d5-42f7-9256-6e4692cab54d,5788f1e9-2375-49f1-8a74-1effe5ff0272,246022.68,Education,2023-09-13
9c0c1476-7c6b-4a03-9903-90947d6d0f0b,1a6bf7e7-6131-4a5e-9460-f2c137d028c5,100363.81,Education,2023-01-24
8231f67f-6b40-43ab-992d-e9513aab066c,6310138c-b931-4174-880f-288910332fbf,236218.2,Medical,2022-02-16
ffec99c2-0342-44c9-8b47-33330a9dbe6a,d468346c-fd3f-4692-a570-c9b3abd0b4bf,206696.17,Personal,2022-03-14
16d3114f-ec45-403b-b66f-3ee30de6a466,a569348e-899d-4773-81c0-a35f735fddcb,100531.91,Personal,2024-04-20
f3f0975f-d6aa-4a98-9af7-1755c0ed15db,a7231b4d-e3df-41c8-b684-ab1c06629605,250323.62,Medical,2021-06-20
a1573354-beb2-485e-99af-5f101c82958a,4cc4b88c-0457-4d73-8826-4075a4e7719b,436677.45,Medical,2021-01-13
5bd5d03a-77e7-43fb-82e1-8aff745da780,edfd2698-2d5e-474f-ade5-b7a9dcfac294,185426.57,Home Improvement,2021-04-30
0707122d-c40e-4401-a597-25133c844f2c,d468346c-fd3f-4692-a570-c9b3abd0b4bf,395449.27,Education,2023-03-16
ab7dcbd5-69d0-4542-bceb-62433038d8f3,5e9b9424-40f4-42c1-b7ff-9dc3588acb1e,336251.33,Education,2020-02-13
f73d447f-827f-4a1e-bc94-b06cf2b90056,984ad07a-a7ec-4913-8061-2725eafc1fba,275964.02,Medical,2024-01-31
6ec86400-5210-458b-bd19-03785f275680,02ef4e34-e4ae-4bd8-a493-d2ef128f4757,133568.51,Education,2021-11-22
fd4612ce-3be0-42b5-b259-db59c5644eb4,a569348e-899d-4773-81c0-a35f735fddcb,216435.48,Education,2022-02-11
7333ad60-bc2f-4572-94b7-4180f8d0cb94,459c9c80-7fc1-438c-8b21-3576431eb9b5,277895.25,Business,2023-01-09
dcaad79e-0fae-4736-82ca-29ed77f92366,be6f5333-5d30-48d8-8417-4083fcb6e964,190152.0,Personal,2021-10-14
b1ae4b85-661e-4367-9e58-2e1618b48bf9,13938e51-e826-4bd9-b712-326e91b200b4,70175.11,Education,2024-09-05
9ef6cfec-0aa5-4ce8-b8a0-8b27b8ddd7e5,51620af6-2da3-467b-9d25-28c41372a89f,457935.15,Medical,2022-12-31
7448dac5-b0bb-40e8-b544-6e1eeb21ae76,c3f7ff43-335b-469b-8282-a3785611f42f,293834.77,Personal,2022-09-03
a67ee49c-1ef1-4188-a899-d772207f4621,984ad07a-a7ec-4913-8061-2725eafc1fba,282281.58,Education,2020-02-22
1570bc0d-5eed-4d24-bcdc-616513416eba,c71c8e73-3934-4c43-9475-608ee0fb5a28,5164.52,Home Improvement,2024-05-29
ae1c8231-58c7-4ce7-93de-5c827bfed49d,ae49cf89-54c2-466f-a6c2-47a5b927b47b,264560.64,Medical,2022-12-10
62f6d70c-8a0f-4006-875e-97750600cc2f,83a37750-0001-4e4b-aa07-0ad2df8a6837,340755.04,Business,2022-07-11
ac7c68ea-defe-4e1f-b643-5dce15c324c7,45db5b3d-90f0-465e-9209-5b255b2bd0e5,354120.88,Home Improvement,2020-02-14
d6e7c698-64bb-4bc7-a284-45e1a2404cb8,6310138c-b931-4174-880f-288910332fbf,202106.44,Home Improvement,2024-05-31
5d1e1e0c-f28f-4c04-9d68-8d691118ca4e,0e475149-4f0d-4a1b-af40-6a12a178fd92,142715.84,Home Improvement,2023-04-20
bc0eee2a-ef55-42eb-b6d4-2e43145b7871,3b2859fa-da2e-42d1-91c6-db40b99bf522,435970.16,Education,2022-02-10
ad15694c-225f-4fd5-94a1-fca3b0487254,d2a1aae1-7bc1-4892-bb85-c1fb77cf0e08,141702.61,Medical,2023-03-09
670b97e8-9f84-4a72-982c-206b2c09afc5,3f438492-fc8e-41b1-89e7-1be287595b4b,492279.13,Medical,2022-08-16
23c74b7b-73ad-404c-a085-f52193f33033,33d36fb5-7fd7-4c18-8507-927929fd8788,40050.65,Medical,2024-11-18
4dabfbb0-f368-43f7-a084-65c6a0acf146,657234f5-482f-4b2b-be98-2f75ecd5aace,348792.49,Personal,2024-09-05
981a40b9-cf97-47c0-af0c-eb52dca777eb,a7231b4d-e3df-41c8-b684-ab1c06629605,388187.82,Personal,2021-03-27
1b26f3ef-ef45-4c6d-aa27-78f727316348,c3f7ff43-335b-469b-8282-a3785611f42f,81780.1,Education,2022-12-26
05885300-18b8-46ac-bfe2-a28949951a64,33d36fb5-7fd7-4c18-8507-927929fd8788,140686.75,Education,2024-03-22
3ac2fc1a-b7e9-4c77-81e6-3019c9d99e02,0c3a3cc1-809b-4735-ac43-999288f2b1eb,380071.38,Home Improvement,2020-09-18
6b4112eb-4e6c-4ec1-babb-a1cc6b0fda94,984ad07a-a7ec-4913-8061-2725eafc1fba,397694.93,Home Improvement,2021-06-23
f085ff76-7b23-4845-b93f-eaa5800f28f5,6ed81117-be55-4be2-b24e-dd307102eb10,392960.86,Education,2023-02-23
3672efee-b01f-4de9-af26-508b60a1febf,1f267e16-02e4-401e-83f9-fd8c9cb6202e,251323.65,Medical,2020-10-18
1194a2c7-428f-40f9-bd6c-c3590110c53f,a6cf46b6-12f6-42b7-b178-44d2622e2066,189453.2,Medical,2022-01-17
3682c997-8965-4c15-834a-0a95e1c60ff4,0e475149-4f0d-4a1b-af40-6a12a178fd92,246851.67,Business,2020-03-26
5b8adc1a-ad6f-4ccf-aae2-6cbe027b8016,33d36fb5-7fd7-4c18-8507-927929fd8788,383978.05,Personal,2024-05-18
58f2c3d8-5964-40ab-974a-0c3ec830865b,419e3dfd-53ce-4955-9574-10d90c143c1c,24429.21,Education,2023-05-30
68fde01d-6d19-4447-bccf-8daa650a5619,061a3d84-647f-4ddb-b30c-54dff09a7eed,50122.94,Business,2024-04-29
e9634dc2-6525-443a-870b-13dd18fc8871,061a3d84-647f-4ddb-b30c-54dff09a7eed,384032.82,Business,2022-02-24
05f1ea5c-3d6f-4cd6-9dba-87dcc0d75383,fab7d733-0698-411b-a56c-5ea4fb34df82,344986.77,Personal,2021-11-05
7669cd82-af2e-4da9-9e13-d91058679f07,256148e2-d7a2-47f8-82df-5b80b0d590a7,107151.13,Home Improvement,2020-08-07
ca569099-c746-489f-aba7-657320955133,e2121347-758a-45b8-818c-80be0cfd0dff,19843.54,Personal,2020-10-08
16c7e462-4af5-4849-a3b6-fcc487daf182,a02ed5cf-f891-4cc0-a472-2227bb06c0c3,65034.91,Personal,2023-09-01
32852bfb-8ac9-42b1-8d59-83057b1ada0b,c392e0b1-0b36-42a7-969f-1df39416a58a,438625.29,Medical,2021-05-17
c1e0ed6d-3a5a-4ee2-98fc-12e5798f2fa7,c392e0b1-0b36-42a7-969f-1df39416a58a,429697.69,Education,2023-09-27
965376a6-b200-4b8c-9f56-fab9759106fc,3c6a7375-bea0-4006-98dd-92e014a27405,101230.78,Business,2023-09-11
28f26fa5-6995-4a51-bca9-05ab495c1a92,419e3dfd-53ce-4955-9574-10d90c143c1c,320303.81,Medical,2023-05-28
f576c2d4-edcc-4d0f-a900-bccdd8c802c0,29148d1e-7ae7-4dba-96f2-4121c22a9870,57147.3,Home Improvement,2021-03-06
c5b35a5d-2085-4817-934c-0175c91a37b1,c58f5997-4a93-496a-b7d4-a6240cc924b7,263485.19,Business,2023-07-14
b3770203-aa19-4157-b3d6-6dc95e268ea7,eb09082f-74b2-45d8-866e-60e76a927193,321192.02,Personal,2024-01-04
d6d6eb69-3478-4749-b85d-4846f62dd851,02ef4e34-e4ae-4bd8-a493-d2ef128f4757,396873.6,Home Improvement,2024-06-02
217f97c3-9a76-4bf7-8e72-1424e5d1b839,d2a1aae1-7bc1-4892-bb85-c1fb77cf0e08,111583.48,Home Improvement,2024-08-03
bb41342b-97f3-49ae-a5b1-41ddeae2f0ba,0ae37c35-c001-4b2c-88f1-1778da1eacf6,333363.06,Education,2024-04-30
a16f325d-0b1e-4827-99e5-a2f5e15d12a0,6310138c-b931-4174-880f-288910332fbf,393333.13,Business,2023-06-24
8e48ac42-aa0d-483e-8359-817d39bc844d,d18cf183-e28f-44c4-b772-506c09255b82,264364.96,Personal,2022-03-04
b1ad3c54-895a-4f22-8aff-0536af2d1a3c,a3a20918-e1e2-4473-8c40-1f7609363c4e,324738.43,Business,2023-05-31
88e7ad31-fc2c-40e5-994e-142577a5bae1,36c3407b-a2d8-40a6-bada-9811f6e51ed5,13968.02,Business,2022-05-25
da0aa5b9-6d60-4c1c-8225-d49c1f3697ff,256148e2-d7a2-47f8-82df-5b80b0d590a7,380359.62,Education,2020-05-03
818fc62d-1cfb-4a68-ab8b-426aeb0640c3,36c3407b-a2d8-40a6-bada-9811f6e51ed5,256315.5,Business,2022-01-04
93aa4a60-b98c-4f84-a736-e9a8dea4f317,5764c538-06b6-419a-bca9-f58b454fbe7d,458847.51,Home Improvement,2022-12-28
bd11ba98-2a8b-481c-acd5-dc7b9e814b17,b7469e07-cb22-4aca-82e2-422a022631ae,105138.1,Personal,2024-02-23
98b95420-ef61-42dc-a55f-bf246b813886,fe014ad7-41a0-496b-acac-a75fee4c7427,140232.74,Medical,2023-07-13
ac7105bf-fd92-4b9a-a76b-0d2bc0db53dc,f88cbaf1-e2b8-4b18-8d18-33bb91bf6cfb,413869.36,Home Improvement,2022-08-13
1d2a79a7-0b65-45f1-bebc-671fe54c741b,d2a1aae1-7bc1-4892-bb85-c1fb77cf0e08,163601.45,Medical,2024-03-31
4d3a98c9-8ce0-477e-a7f4-4857978dc704,09942b4e-aaf8-43c0-a9d4-90fb97f7e00a,290726.28,Business,2021-05-29
46369c03-c13c-47e1-a18b-6cce6af974b4,2317ac2f-7d83-4087-a2aa-3fda5c2b7af6,20838.16,Home Improvement,2022-03-24
26e9bedd-bd57-4237-9b9e-ca2d04e2bc46,a02ed5cf-f891-4cc0-a472-2227bb06c0c3,168502.46,Business,2021-01-06
e4cc8598-1823-49d7-8e6b-021ba3fe52c6,f238925d-d318-4e22-98e7-25915f698b46,51912.14,Home Improvement,2020-05-25
58c85e1d-0abe-4d0f-93f1-37c39ee8540e,6ed81117-be55-4be2-b24e-dd307102eb10,140975.09,Business,2020-10-10
222c0125-b6d7-40f7-9b88-d8570b799ebe,a569348e-899d-4773-81c0-a35f735fddcb,492865.55,Education,2022-12-20
72a83155-8678-4f47-a7ee-02ae8178ae82,fab7d733-0698-411b-a56c-5ea4fb34df82,117737.51,Home Improvement,2021-09-26
519d4db0-38c0-4bc1-b4cb-b45538f46659,7b96b62b-c833-4131-9691-e73a4ee92d30,218593.33,Home Improvement,2022-02-15
93208992-0f5c-4b89-89ad-b8da96bb30fc,905caf1f-a537-491b-928b-d756fcfd8f7d,198369.51,Business,2021-09-05
54108d1f-8c37-48fd-8918-ff8e82e472fa,9b594097-edea-48cd-b27e-4c109599a21b,32944.3,Business,2022-04-27
3fa980b5-1374-47a8-942a-65fec94ead02,bc3a3c4e-4fa7-40b9-bc06-20a48b4013ce,225420.98,Medical,2023-12-31
5d5dbcc0-bd12-4f92-939c-0f6f1f59e74e,3852775b-9a46-49fc-94ca-16d6008f3cb4,325806.54,Home Improvement,2024-07-05
e5a2b5a4-449a-4152-bb37-93f2493d2d7d,be6f5333-5d30-48d8-8417-4083fcb6e964,481285.44,Personal,2024-11-16
a84162a5-354a-4f66-910d-dea0c71bfb15,657234f5-482f-4b2b-be98-2f75ecd5aace,431426.7,Business,2022-11-23
8565945c-b94c-4da2-90e4-17950cf2d652,ec95c89e-acf9-4d74-8593-2d67c1eeea1b,263047.72,Business,2021-03-10
041b94fe-a200-4a50-bcea-66ca7235c17c,2f315587-e7c3-446e-83bf-e78c6cf2e718,339085.53,Business,2021-11-14
987b3f89-7bae-4c30-aedc-4fc07f33ab0e,5788f1e9-2375-49f1-8a74-1effe5ff0272,354728.85,Medical,2024-07-02
e4da6902-aaeb-4238-b601-79ff18076292,5764c538-06b6-419a-bca9-f58b454fbe7d,473120.13,Business,2023-03-01
0f13ca3b-7152-4289-9b69-4831b0a7810b,22e225d5-8be6-4f88-b6af-f9b9bb826d23,70222.5,Personal,2024-07-12
585bbc58-bd1d-4148-83f6-57293bfd5f14,fe014ad7-41a0-496b-acac-a75fee4c7427,347495.35,Medical,2023-08-02
9d647c0e-3a51-46d5-89b2-8a82857f80f4,29148d1e-7ae7-4dba-96f2-4121c22a9870,472139.61,Home Improvement,2021-12-10
ae65ade3-0d7b-452c-9f0b-5d9097e2f607,29148d1e-7ae7-4dba-96f2-4121c22a9870,108063.1,Personal,2023-06-12
13bd0d99-ac2c-4363-974e-2769fd66c408,98fcc428-2b03-405a-baec-384ff006004d,487505.08,Education,2024-04-01
fa75f2c3-8017-4a2c-928b-270b914c6a09,02ef4e34-e4ae-4bd8-a493-d2ef128f4757,227306.77,Personal,2022-11-08
b621834e-75b5-4e9b-bafe-c3531594ac9d,2317ac2f-7d83-4087-a2aa-3fda5c2b7af6,347228.75,Business,2022-02-04
aaa8dc76-de7c-431b-a149-672335f6d11a,7a80e75f-85e1-4d4f-b5c3-009eca1a2cb3,413275.15,Medical,2020-09-26
8fc9895a-05b8-46f8-b1b1-2bd512591fc9,fab7d733-0698-411b-a56c-5ea4fb34df82,380580.21,Business,2022-12-05
deeadeb5-0584-45e9-bbc6-350da0ea4d71,5788f1e9-2375-49f1-8a74-1effe5ff0272,301509.46,Medical,2023-02-07
a6797031-51db-45fa-8b51-fd01cdc57625,c392e0b1-0b36-42a7-969f-1df39416a58a,104167.46,Business,2020-08-13
f4ffe5c0-8fb4-4068-b767-9f39d0cf8d1f,f6e1a480-1a3e-4136-ad1d-5de0576badb6,456621.74,Education,2024-03-10
5c30be88-dcaf-4717-ac7e-308e19843f73,49ac621b-e9bf-4c32-82c8-2ec8e0d6ac2f,442622.89,Business,2020-06-26
04aa47dc-be27-4780-99cc-3e62e5153ade,905caf1f-a537-491b-928b-d756fcfd8f7d,384088.15,Personal,2020-02-09
af49dcc6-2b21-46c6-aaef-813550622e01,cd52c6b5-78cb-47c3-8f5a-81f184b6523e,23552.51,Home Improvement,2020-06-29
3191ecd8-cc16-47f0-8559-112042159ec4,e2121347-758a-45b8-818c-80be0cfd0dff,428289.97,Education,2020-02-17
416e0b8c-6230-449e-b074-a4685325512d,5788f1e9-2375-49f1-8a74-1effe5ff0272,58530.29,Personal,2024-06-24
a14467e5-0446-41f2-bd84-170e85e2b706,618c6c2e-56ab-4fa8-8af9-dcad3ee291d0,414666.46,Education,2020-02-28
e714fc6c-8960-40c1-b1e4-427e3997b47e,5764c538-06b6-419a-bca9-f58b454fbe7d,404220.71,Business,2023-01-27
87e20e78-2161-4141-bb73-a3e2568558d0,f2828ba7-0abc-43dd-b82a-386bd4a75535,443124.04,Home Improvement,2020-09-12
cb690050-a77f-4b56-8ca8-a8ac2a3e94e6,d18cf183-e28f-44c4-b772-506c09255b82,175648.12,Business,2020-12-14
acc03bf8-37b9-4b69-8cb7-af4b06cd285c,e2121347-758a-45b8-818c-80be0cfd0dff,29712.02,Medical,2020-02-12
5a30af3a-c2ed-45a3-8e70-938b8cf2f2a4,290cb45e-4287-49c5-90c4-51f2a83f9d64,202005.71,Education,2022-03-20
328d1cd4-da66-466c-bb57-685962be854e,1694ff86-ebdc-4c6a-afb9-ab1bc1549935,130365.28,Education,2022-12-13
fe79b552-ade3-4bb3-8790-af459ed192c6,22e225d5-8be6-4f88-b6af-f9b9bb826d23,490822.64,Medical,2023-11-03
c3adc6a1-57ca-463f-ad5b-c3ec61e7e923,ec95c89e-acf9-4d74-8593-2d67c1eeea1b,297601.28,Education,2021-08-22
857e9fe1-b157-43a0-9afa-c4a9645a49fb,5788f1e9-2375-49f1-8a74-1effe5ff0272,443296.45,Home Improvement,2023-04-09
89c857df-9fa9-4cb1-b5b4-919dbf3dff1a,459c9c80-7fc1-438c-8b21-3576431eb9b5,136310.54,Medical,2020-06-02
a5d5e8d6-310d-4654-829e-58d283a52600,7a80e75f-85e1-4d4f-b5c3-009eca1a2cb3,76100.55,Education,2020-10-04
73f820c3-4a50-4532-82fc-0367a40b349f,c71c8e73-3934-4c43-9475-608ee0fb5a28,275738.4,Education,2020-12-06
f1e273e8-9655-4ad6-b4e6-724061a4bb9c,459c9c80-7fc1-438c-8b21-3576431eb9b5,312890.1,Medical,2022-03-05
58a7a292-df16-4b27-bc81-f06efed21167,c3f7ff43-335b-469b-8282-a3785611f42f,206991.69,Medical,2021-06-24
9c089edc-6806-4ec3-9b7b-b5068dc6306f,3b2859fa-da2e-42d1-91c6-db40b99bf522,167160.39,Business,2020-07-15
e25413a2-7d35-4131-bc47-a91eb92e7ec5,2317ac2f-7d83-4087-a2aa-3fda5c2b7af6,170022.19,Personal,2022-05-31
d99b824b-8f46-482c-b982-85a174d35b10,0ae37c35-c001-4b2c-88f1-1778da1eacf6,88573.9,Personal,2021-12-21
4603b62b-7055-49eb-8d76-9475e08c63aa,d15dae1b-802c-4309-9c1a-7d0df81cae24,29595.48,Home Improvement,2021-08-10
59a9bbc9-f541-464f-bdb9-a5f317c018fd,c3f7ff43-335b-469b-8282-a3785611f42f,291882.53,Medical,2020-03-31
cae37634-8db4-4ed2-98e7-8f310244fdd4,7c687617-a7f5-4060-9e37-6f93f47563d4,98797.01,Education,2024-03-23
0a0f283b-3bb6-47d1-94a5-d4f1dedbc103,6ed81117-be55-4be2-b24e-dd307102eb10,176167.66,Personal,2020-10-06
9bdc9290-b544-4bac-aef1-8f79bcbfc7c5,3b2859fa-da2e-42d1-91c6-db40b99bf522,27483.54,Business,2020-07-05
ea33c70a-fef5-43e0-8a99-d25d849bb642,5080beff-6deb-42d1-ac27-56500f1fe3fe,460863.69,Personal,2024-11-30
a65f9d5d-76e3-43c0-8504-f4e2c0c7b03d,39b77d20-84d0-45e1-b5d2-3225130e1575,323067.1,Education,2024-10-11
26c51e36-8b5c-479e-acef-93d4aa47121f,657234f5-482f-4b2b-be98-2f75ecd5aace,456731.11,Home Improvement,2020-10-29
361481e1-5058-466f-b2b1-dbc2ec29e721,d5c901e9-ef6c-45d1-88e2-5930e0933eb2,182999.37,Home Improvement,2020-05-08
f0e87ba9-c868-4e65-9cc1-3a5875ca526e,c444cbd9-c4a2-48e2-a47a-39f0515bcf71,127213.56,Medical,2021-05-27
fe9814e7-8ea1-4633-b956-155f228fc6fe,2d55aa40-80a6-4e5a-9b5d-f050950b5034,190553.9,Medical,2021-02-01
bbce6761-a433-452c-83a9-ac2af925e893,a3a20918-e1e2-4473-8c40-1f7609363c4e,258938.21,Personal,2020-03-28
c4356e85-ca69-4749-93fc-f6c041c9b759,d2a1aae1-7bc1-4892-bb85-c1fb77cf0e08,174477.67,Business,2021-05-11
bd2c65b1-decc-43b7-b296-0ec3ad549437,ae49cf89-54c2-466f-a6c2-47a5b927b47b,470582.89,Medical,2023-10-15
64c9ef41-9349-49ce-b0f6-5e8fefd08290,33d36fb5-7fd7-4c18-8507-927929fd8788,490208.43,Home Improvement,2020-11-15
04a87d90-0584-407f-8247-f073f9b57260,bf88ff03-98ff-4f5d-bd12-f4c435249b40,76294.88,Education,2023-10-26
898ac796-b942-4d76-9bc8-b1e9187aa039,9dda4ea8-42d6-4995-9b88-e7d4109999f8,360598.08,Medical,2023-03-05
7f099285-87a1-426b-8989-5f319fa427a8,3c6a7375-bea0-4006-98dd-92e014a27405,34306.05,Personal,2023-11-15
7ff9cc41-ca3f-4d41-8d40-c89f7329d1b9,13938e51-e826-4bd9-b712-326e91b200b4,301033.22,Personal,2022-08-26
abfa3b72-3292-47e8-8253-5cbe124a415a,0be26740-98a4-4782-a36c-4d71c085f14c,460820.65,Education,2021-10-23
7d51fed2-680c-485b-b30d-0b5f111ea372,c444cbd9-c4a2-48e2-a47a-39f0515bcf71,380660.8,Medical,2024-05-05
9f94d58c-092a-4388-9c22-bbb0688e7ac3,c58f5997-4a93-496a-b7d4-a6240cc924b7,459090.42,Home Improvement,2024-03-09
2232cee3-039a-4c76-8bc2-982312567472,1f7e66d3-80c3-4b00-9967-55ff4d69a046,287057.48,Business,2023-02-28
11f68238-88e3-46df-81ec-fb6306467cc8,d15dae1b-802c-4309-9c1a-7d0df81cae24,137759.93,Business,2022-06-13
53aaeafe-e91b-4d20-aee7-baa140eacd8e,f88cbaf1-e2b8-4b18-8d18-33bb91bf6cfb,72287.93,Home Improvement,2021-05-18
b4ed20df-a985-4ac7-9ef0-c3108b9681c6,45f25539-7e5a-4d3f-b0f5-83019b667430,188539.29,Education,2022-06-17
a7b826e0-24cd-4001-85d2-cf76f28ef5ee,056f6957-9801-4ee5-bc23-198fa9d6ec7d,182522.69,Personal,2020-09-05
09b5ca64-41fb-41d7-abc6-dcbeb16489fe,f2828ba7-0abc-43dd-b82a-386bd4a75535,420874.06,Personal,2021-02-26
25904fb4-0ffc-43e1-855b-924bed183967,f2828ba7-0abc-43dd-b82a-386bd4a75535,364598.15,Business,2022-10-04
95fecc87-630a-4354-8d24-9bd8915c2b65,bc3a3c4e-4fa7-40b9-bc06-20a48b4013ce,260889.12,Education,2024-10-08
15dab88d-514c-4dd4-b28f-4516e2dcfe38,edfd2698-2d5e-474f-ade5-b7a9dcfac294,384669.98,Business,2020-12-26
f242662a-ce9a-4c96-9667-b6392fe09ded,27219f7f-3fa8-4a19-bf2e-321a59321e72,368792.46,Medical,2024-02-27
a35c3888-86f1-4ced-9477-bb175e31b7ed,788633fc-ac99-4109-96bd-2ccb66769638,54641.29,Home Improvement,2020-09-03
a530d32d-4a5a-4049-9edb-3138b8296cdc,5788f1e9-2375-49f1-8a74-1effe5ff0272,463600.7,Education,2020-05-25
ec5bd017-d5e8-433b-b118-6563ebfba155,2d55aa40-80a6-4e5a-9b5d-f050950b5034,82304.96,Home Improvement,2022-12-05
1b675c6b-aed5-4ed2-a384-77c8cf9dba94,d7b25f89-5a87-4cc6-8108-d3a050d01d5e,447333.61,Education,2020-06-17
370e27d8-cac0-4a94-af80-96f6aea1e6f7,f238925d-d318-4e22-98e7-25915f698b46,380059.18,Business,2020-11-25
b6661660-ce97-49d4-8ce7-0fa3f8ffad6b,419e3dfd-53ce-4955-9574-10d90c143c1c,308116.6,Medical,2021-01-09
d9e21574-b8a9-4c36-a271-91ca91162fd4,d468346c-fd3f-4692-a570-c9b3abd0b4bf,202379.13,Medical,2022-04-14
3cafaa55-3940-4ddb-89e3-fd647a6b2d8c,a25ee6ce-9af6-44b7-9c05-9848aca6b1ae,104052.55,Home Improvement,2021-11-30
1503320f-22db-4799-bc2e-55d26cba09a4,f88cbaf1-e2b8-4b18-8d18-33bb91bf6cfb,63251.62,Personal,2023-06-29
6c07e94f-d182-4898-9d40-911412446d39,d15dae1b-802c-4309-9c1a-7d0df81cae24,415779.91,Personal,2022-12-13
10d9596d-d1de-47b2-95de-5a367c22d33f,7348fb05-5221-42c9-bd23-7325dedc608a,298210.54,Business,2020-06-26
0704e09b-c101-4cab-9ecf-ce33a82c986b,f88cbaf1-e2b8-4b18-8d18-33bb91bf6cfb,107257.1,Personal,2023-06-18
b9c8ea83-1456-4052-bfb1-8de49a4c0b42,29148d1e-7ae7-4dba-96f2-4121c22a9870,390646.08,Personal,2021-01-06
4dce3f07-a907-4598-87be-77f6cff57b1b,bc3a3c4e-4fa7-40b9-bc06-20a48b4013ce,434831.11,Home Improvement,2022-01-09
87aa4f9b-6f2d-4055-8c54-fd782a82f8a2,66ae7631-709c-462f-a60f-76ac36c7fd8a,119419.02,Personal,2022-04-16
11b949d7-6e44-4538-a741-aa773d3a3a13,984ad07a-a7ec-4913-8061-2725eafc1fba,81808.7,Medical,2020-07-03
8941b5ae-9a05-44c8-9cb8-c0dedd9e1828,49ac621b-e9bf-4c32-82c8-2ec8e0d6ac2f,105252.09,Home Improvement,2022-08-21
85fe64a7-cfba-4456-8658-d69120395a26,a3a20918-e1e2-4473-8c40-1f7609363c4e,355991.59,Business,2022-02-17
17478478-675c-4ee0-9c7b-179bd08f0ef4,5080beff-6deb-42d1-ac27-56500f1fe3fe,394271.42,Business,2023-10-05
1e676f10-6a47-46cb-92aa-3df038314156,a3a20918-e1e2-4473-8c40-1f7609363c4e,351888.82,Personal,2020-10-08
69ab1ed1-1e24-48b3-b154-e5ade06ae2a8,905caf1f-a537-491b-928b-d756fcfd8f7d,331344.65,Business,2023-09-10
78802276-5070-4044-864a-e0a37c9b12d3,d15dae1b-802c-4309-9c1a-7d0df81cae24,373380.11,Business,2021-12-15
2b532871-3eaa-4931-ad84-e1d6645bc706,2317ac2f-7d83-4087-a2aa-3fda5c2b7af6,472546.11,Education,2020-05-09
27fe726f-0f87-40f0-89d4-f26caaf398f3,49ac621b-e9bf-4c32-82c8-2ec8e0d6ac2f,425133.8,Personal,2024-03-16
c185e83e-d9e7-4f2b-b0dd-b75cd1d438f9,5788f1e9-2375-49f1-8a74-1effe5ff0272,425837.92,Home Improvement,2021-11-03
537fba1c-0ca0-444d-981b-7f82f464b043,39b77d20-84d0-45e1-b5d2-3225130e1575,38462.88,Personal,2022-09-09
aae56bd9-a965-481a-b662-02a1cdf98c90,b7469e07-cb22-4aca-82e2-422a022631ae,158317.0,Business,2021-01-10
1ffb5805-8531-41f7-9ac8-d33b52ec166f,fe014ad7-41a0-496b-acac-a75fee4c7427,141128.7,Personal,2023-11-13
f823d7f0-4643-401a-a4f3-682ff71a185b,7c787004-295b-4fe2-b745-7903da9152f9,50844.4,Personal,2024-09-12
cbd56234-aa5b-4e6c-b9a3-d28845d8ccd5,3f438492-fc8e-41b1-89e7-1be287595b4b,280174.23,Business,2022-01-08
286db018-cbde-400e-aadd-c44a8a400b53,39b77d20-84d0-45e1-b5d2-3225130e1575,447819.53,Medical,2023-04-26
3f3dfd21-1734-4a98-8a69-7d23b40c73bb,49ac621b-e9bf-4c32-82c8-2ec8e0d6ac2f,177024.92,Education,2020-04-10
01a347e1-8cf3-4f15-9016-d1431f79d2bc,ff3308fb-adf9-44df-bcbf-b0df571bc171,281009.08,Medical,2023-11-03
3780f949-bec0-4263-9560-1f6c34a9ef47,256148e2-d7a2-47f8-82df-5b80b0d590a7,444832.58,Education,2022-02-04
87b6f42e-5cd1-4a4e-ab12-0b9e97b8acbf,d468346c-fd3f-4692-a570-c9b3abd0b4bf,450209.01,Home Improvement,2020-09-03
48ce6b46-dd4e-44d3-a485-e70081bfd8a7,459c9c80-7fc1-438c-8b21-3576431eb9b5,273825.76,Personal,2020-11-27
6646faf9-3574-49f0-b3ff-798a625f8625,d18cf183-e28f-44c4-b772-506c09255b82,95129.4,Education,2022-07-13
ffa0f50f-af1e-432c-87cf-90a0b612c39e,bc3a3c4e-4fa7-40b9-bc06-20a48b4013ce,389540.94,Education,2023-03-27
71c68780-ca33-4887-bac1-eee6ab6774a5,33d36fb5-7fd7-4c18-8507-927929fd8788,366910.09,Personal,2020-07-17
ae73ce96-5331-4501-b68f-5bc24ecee02c,1a6bf7e7-6131-4a5e-9460-f2c137d028c5,327739.7,Medical,2024-08-15
5c261e7c-b7a3-4f9b-a034-ccc24bf8dee9,ff3308fb-adf9-44df-bcbf-b0df571bc171,130773.52,Education,2023-01-13
70940a5d-c126-4800-ae77-2fa109579bb5,29148d1e-7ae7-4dba-96f2-4121c22a9870,381079.03,Home Improvement,2023-10-29
e5eafacc-a1f8-4c07-b510-cb5dcf40dc9b,e2121347-758a-45b8-818c-80be0cfd0dff,380634.12,Business,2022-04-10
11d4bfb1-7d66-406a-bd2f-7361e36e9b44,a02ed5cf-f891-4cc0-a472-2227bb06c0c3,383085.23,Education,2022-05-04
1a7dc5ff-138c-4259-ac6c-dd5fde49b070,3f438492-fc8e-41b1-89e7-1be287595b4b,259480.02,Medical,2022-07-28
0380812b-87ad-4b57-820a-e56755e93592,be6f5333-5d30-48d8-8417-4083fcb6e964,370574.23,Medical,2022-12-07
c208c12b-3b68-405c-af69-23a710b8c6fa,c444cbd9-c4a2-48e2-a47a-39f0515bcf71,381414.7,Education,2024-02-21
d8ef2c52-fd2c-4e91-90e8-d5c4ca9d5b6f,7348fb05-5221-42c9-bd23-7325dedc608a,115643.35,Education,2021-10-06
5a9f9ce0-9b6d-4ee0-856f-ec5c331fc4fd,13938e51-e826-4bd9-b712-326e91b200b4,325544.78,Medical,2024-01-03
afad0334-64dd-43b9-aa8b-9654e93d5b06,45db5b3d-90f0-465e-9209-5b255b2bd0e5,258153.4,Education,2024-07-15
c9d59657-2f42-412d-b099-6af404bad7a9,a25ee6ce-9af6-44b7-9c05-9848aca6b1ae,75595.48,Education,2023-09-20
02f2ffbd-5d27-4763-92c5-4dcc8d088ece,28a2e999-9777-43d0-ba5f-cc6a7a9c1fea,394524.43,Education,2023-02-04
3b6c0fb5-c0b6-4982-b8f6-f810d82d128b,c392e0b1-0b36-42a7-969f-1df39416a58a,409588.12,Medical,2021-12-05
2845d51e-3f79-4d57-9e43-72e5ba8b0974,d15dae1b-802c-4309-9c1a-7d0df81cae24,366812.9,Home Improvement,2020-10-26
2af4d700-e22a-475f-ae6f-ddb00c45d6dc,5788f1e9-2375-49f1-8a74-1effe5ff0272,227898.36,Personal,2020-05-10
d25a7f53-2d4a-4e38-840d-f06a1b095a91,28a2e999-9777-43d0-ba5f-cc6a7a9c1fea,327267.1,Business,2021-06-08
9002392f-3acb-4bc1-b7ea-d21d34005575,061a3d84-647f-4ddb-b30c-54dff09a7eed,234748.58,Medical,2023-05-11
455b492e-f4ca-4606-981d-4a94dcf852dc,45f25539-7e5a-4d3f-b0f5-83019b667430,410226.84,Education,2024-10-09
9ec51d71-3bf0-4d8f-a532-51faafa2ffc1,36c3407b-a2d8-40a6-bada-9811f6e51ed5,98787.81,Medical,2021-07-15
d61fb957-e00b-4568-8dca-419f026ca62b,45db5b3d-90f0-465e-9209-5b255b2bd0e5,393785.68,Education,2021-07-30
f72e3d81-5d9a-4e8c-8a41-dc7d3bd5d83b,c58f5997-4a93-496a-b7d4-a6240cc924b7,335044.54,Home Improvement,2022-01-15
bfdab28a-c194-49d3-b187-c9e4be6d2d27,0e475149-4f0d-4a1b-af40-6a12a178fd92,12607.84,Business,2024-04-12
f4dcdfe4-e1e6-44ea-a2f0-2721f0aa128c,ee706aa3-c144-4c3d-9922-1d9733c901cd,209551.52,Education,2020-12-08
e09ef752-2d29-4773-a8a2-6e3782b079ad,7c687617-a7f5-4060-9e37-6f93f47563d4,171000.39,Business,2021-10-15
69013e21-504f-4aad-af09-b32fddfe8e5e,28a2e999-9777-43d0-ba5f-cc6a7a9c1fea,27969.55,Personal,2023-01-15
6a66836f-661f-4ab0-a6e1-c297e2f52581,cf91d37e-c158-4f2c-960d-05b56da9c09f,349974.91,Business,2022-01-03
2dd040f5-6e55-4fcb-bdca-5226a434d110,0ae37c35-c001-4b2c-88f1-1778da1eacf6,84423.01,Education,2020-10-07
3027763c-2f43-40f2-b1b3-b15f954870a7,c444cbd9-c4a2-48e2-a47a-39f0515bcf71,387582.73,Home Improvement,2023-08-04
2884599a-6850-40fe-a9c2-793e3a86889f,1f267e16-02e4-401e-83f9-fd8c9cb6202e,247783.61,Home Improvement,2022-12-19
fe01b588-e291-442d-ac90-50a20a9c5681,49ac621b-e9bf-4c32-82c8-2ec8e0d6ac2f,231232.0,Home Improvement,2024-03-20
84eba9df-2b19-4bcd-ac70-7d3ad54c27b2,d18cf183-e28f-44c4-b772-506c09255b82,373223.8,Business,2023-02-17
