prediction_id,application_id,risk_flag,probability_score,model_version
f13c5682-5b61-43b8-840d-2276892920f9,1c71e1e9-a6f2-4624-b861-8635677def43,High,0.59,v5
64a8a59f-bd4e-4f16-96f7-635ac47c7a2c,44573730-a203-48a1-96e3-ac21bcd6408a,Medium,0.25,v1
6714e3fa-c38d-41e5-ad2b-17c84268b0af,7a3c017c-11fa-48f2-abab-2c3713c2a367,High,0.72,v1
0c053f7e-b9a4-4e32-aa46-41761a6b0931,d8171b76-f1f2-4070-8e12-0c061d6a5d05,Medium,0.49,v4
0e22138d-1cd6-407b-8ecb-3cd23e65d716,8f8fa944-2d30-4098-8001-953dc924cef7,High,0.5,v4
c415e962-ef55-4a10-bf80-68b7aa2f8f70,5eb9d672-9014-4522-87a7-ea5ae68f8387,High,0.16,v2
bc16c49f-e733-4636-a429-85398f51a707,5ef29c76-50f9-4dc0-ab7c-bad79ae64380,Low,0.25,v4
544b6738-2ac5-419d-9119-62e0ebf1f2f9,4c212712-a57f-4ec3-8d97-6694d58b1145,Medium,0.76,v5
de4973c4-a200-43c3-a108-f1418bdd8a37,28869f4a-5f2f-4130-83b1-21adee41798d,High,0.48,v3
bc18af86-83d4-489b-adbe-9ea3608711fa,6e06a0d7-6c2e-4f3d-9d7a-f7560f6030df,Medium,0.05,v1
0aa749cf-b697-44f2-85ed-a5917b5b66bc,431234ff-310f-4dfd-9f97-4fa48c6ebf09,Low,0.54,v3
ec48e957-7b20-4199-9e09-5a4f39aa77e4,9c09e8b5-42ee-4288-8e1b-6a99ed7e1f6d,High,0.07,v5
13ee2447-47a0-4adf-80e7-60e97ac4af91,8a223584-e15a-42af-beb6-93a3b4e8bbab,High,0.89,v1
3100a7b5-6228-41cf-a086-cd5220afb630,78575a9c-7a1d-455a-931e-7f82cc9beffe,Low,0.27,v1
7b75be98-07e8-46f4-bef6-c7cf10dd2789,8a9326fc-e00b-4795-9078-a282460f1191,Low,0.42,v4
7ded7d76-4976-4d7f-a89a-d4dba278e44e,6ad5b6bd-4713-4419-842a-b33ce79dc7bd,High,0.52,v2
c3bdc551-617f-4975-8359-e9d567bce99f,d3c3a1ea-646f-4084-a239-7e379706e7f6,High,0.42,v3
243ab253-96cf-47b0-bf9b-13472fa63f37,6b72cd31-bc66-46d7-a9f9-3127da73abeb,High,0.55,v1
8d31b6ba-ed84-4c60-a655-e4ca6d2309ef,d2a857f6-6010-4fa3-afbc-f03f4ff179af,Medium,0.33,v5
d1545aa1-61a0-48a4-82ee-47d7bf2767aa,739ddc66-1199-43ff-9404-3770988aa2cf,High,0.13,v3
eb0a5af0-b51b-47b5-86b5-415b73ed50d8,15c1eb67-9609-4f09-b019-0b180f2422e8,High,0.4,v4
7dfc443d-ec3d-45d1-8c44-6f7f0ef40ca2,bc3fdddc-7a30-45c8-9f7c-c8bccc0f606e,Medium,0.58,v3
4cbe9731-bca9-48ef-b9fa-b92bbacf49cd,46ea873b-2cad-415d-bcce-0f8d02e4bc27,Medium,0.45,v2
7d56ddcb-92be-4124-8a68-c95f90ceb878,7b9c8350-46fe-4fbd-8368-33c9b744664a,High,0.32,v4
1566ddd8-c909-4d05-aa59-f1f4f9a10d0f,439e3a90-2575-4f64-96c9-9aa745361df6,High,0.49,v3
6a9dfdbc-9332-4d22-8d18-d36f30a9d636,b097ec6f-393c-4869-b62e-dcfb18d27437,Medium,0.94,v4
75aa41dc-4813-4465-a272-f92ae8c25603,93208b7a-4f1a-40ae-9d99-bebebfd6f731,Low,0.06,v1
155269f0-cfcb-4bcc-a79e-a01fdc2d8ad4,83813222-667a-40a1-8334-ddf1b238bc7f,Low,0.3,v3
74f15a72-affb-4392-b4fa-05c6f8b48d89,830c98e1-e6e0-4f9a-8d2b-0e08d0215f99,Medium,0.72,v3
3d287da8-4e8c-48d1-9059-c734aec6c7c0,7f8fdb8c-2de7-46f8-a8a5-17fe64125108,Medium,0.33,v1
c694ae63-3644-471d-849c-64716398c932,00518453-6c61-4ad8-9bbb-e3b322b87c04,Low,0.06,v4
efe50f35-e727-4a10-9418-3f20e33658d4,c28a5903-31a3-47f4-959e-1b3d85f081f9,Low,0.99,v2
9232abaa-280e-4dc7-873b-7419be905eec,f7dc4114-5cda-433a-b8ad-f1844a550cc7,High,0.31,v2
64d70014-9906-4765-b43b-bd3107e5a3cd,82f2fc12-a51d-45ec-b7ff-173563409b54,Medium,0.56,v3
1aeb0fa4-c444-40a2-b224-83a94bb46cbe,2051b347-dcf4-469d-a419-c52cbb881acc,High,0.94,v5
855daf26-afaf-408d-8531-bdef346c12f8,b7871f0c-70f1-4f03-93eb-9cbc9caac424,High,0.46,v1
07accc64-c3ba-49d5-96f8-03a66d397c5a,18d346d9-f658-4e33-aa47-1cacc02ca578,High,0.58,v1
ffb89113-7922-4013-b9bd-2485a0da2126,c8503a44-32dc-497e-beb9-127cf3683af9,High,0.42,v5
2468b638-05e5-4a3d-a029-4a401bc3ef48,252cbf26-7552-4f09-993a-bc47c60edb61,Medium,0.84,v3
8781fe81-63e7-4192-b5d1-a7b122780bf0,81b87ab7-d2f8-49a9-9310-817e89cc7d82,High,0.14,v1
fb605af4-d604-4379-a664-6bb163b5f7fd,6140a2ce-d8ed-4a11-9d21-a8a9869594df,Medium,0.52,v1
813fba9f-7d7a-4598-ba11-a60b823fd778,e9d0e786-64ee-4fcb-bd0a-26c697f87816,High,0.76,v4
7c701b01-b5c3-48ef-8ac5-0c7a2f767ab9,7a391af4-fee5-442b-a522-ff96a70eaa7c,High,0.66,v5
c198d743-b7c7-48a3-a302-51b52cbcd76a,2bb79be4-3123-4cfe-b1f7-b8d7f9c7a048,High,0.18,v5
c9b6f39e-2e3b-4f71-94b8-5d31d3a689ce,dbd9afa9-95f7-4526-bf2d-6c2d3486dbb3,High,0.8,v5
d182af30-8b52-49b2-9340-b9956ddc8e17,b29f4bdc-4691-49e1-a3ac-fdbb0f6aaa33,Medium,0.41,v5
49726890-72fa-4d59-84c7-84d2289d394b,42cfae2e-4093-4100-a646-09770f3d7ed9,Medium,0.03,v5
4dc64e63-2905-486a-bc22-ff2e287b9801,e05aa922-4930-45a0-a49b-379d503ecbf6,Low,0.42,v1
48194269-805f-46cd-807a-3ace2056fc3b,e4da5381-9b5a-40e5-8f8c-bfec8f11739b,Low,0.3,v5
be83c65e-db1b-4303-996d-fdc02b11db5f,d2dcd1ea-43ad-49ce-a348-e55df5dde7a7,Low,0.13,v3
4076a67e-6317-4092-a553-fd9a65d4d50b,c62c3267-c93d-4f1c-8166-26c19801c560,High,0.52,v1
bfe3dbdd-94eb-4fc1-8fe1-22ed91b77325,d6b9ef54-458b-452c-9efe-13260a4999f2,Medium,0.22,v5
96b815b7-d0d9-4bac-be13-40320bc77113,fa7bc379-6486-445d-a9b9-74649603e83d,Low,0.97,v2
7f33714e-e9d3-4d04-8bf0-24640b09b9bf,7b4ce5de-332f-4faa-ab7d-0c19b4d08e0d,Medium,0.77,v1
dd3850e0-a363-4eb1-985d-25906a96e2b0,11c2d8fe-13dd-4c07-895b-9ed69afdcc5b,Low,0.92,v3
6c1fd4c7-bdd8-4f50-940b-c2d3812e0444,64a74391-cd01-47dd-9492-461a42cc4924,Medium,0.24,v5
64a65648-0918-460c-9f7a-8bca6cab7f51,312e9eb4-2f22-4087-a1ca-4244eb76fae5,High,0.5,v1
4dc4e03b-9184-4a13-bc79-0af7bcc17f25,dfafa09d-1f1c-4975-a065-8790fba31e87,High,0.65,v1
6838efb9-8562-497d-8f6d-00edb2373dbe,5641c425-2cc4-44d7-9ced-b67ab45c526c,Medium,0.96,v2
0c3a3d68-5d7f-4072-adb5-2c29401cafea,abcc928e-c27c-4f4b-91a8-2442a3cd8cb4,Low,0.86,v4
13b06d1b-ff1f-443c-84e1-c880d0d1c884,b973932c-e9e3-4f80-8a62-e74877dae89a,Medium,0.13,v2
e0700ccc-4a98-4662-8422-3240765e734b,4b79e4f5-4bab-4f5c-95db-bcfa6754b803,Medium,0.34,v2
3db9901a-453f-4d55-80b2-542630e1b761,04e11989-e60d-495f-a615-f0a44cf1c383,Medium,0.56,v5
3896326c-5850-4700-9a54-302dce1bf808,702b2f98-cd9e-4dc1-90bf-357cb8fd07d7,High,0.08,v1
d2e760f5-ba9d-4ff4-a076-152dedabd2f3,43ef2980-6d07-452b-a681-8b30f8b47b1a,Low,0.61,v3
91af7d74-cd8e-481b-a539-7913c63e14e9,b0d0584e-f407-45a6-a385-1468fa4eca93,High,0.16,v1
62a7d91b-d04b-4764-812f-2e2898365e5d,3add9c95-3611-409b-be48-c513ebe8d1ad,High,0.45,v5
1958977f-22c0-49aa-b689-739e0d723e2b,1916657a-63cd-4180-ab35-dc6e2d8c3b07,Medium,0.61,v3
cf355706-16ba-4542-94de-21bde364ed0a,7078ee4b-45e5-4be7-b2d7-f259156ddd57,Low,0.89,v3
8dddd4e5-00d0-41b8-8ccb-6cf6dc5a78e2,38ee5a3f-4b18-46e7-af30-f1b4207b34f9,Medium,0.44,v4
39dd6f61-5cd1-4e89-93d6-c99d38cbe0bd,70fbbac7-5994-4982-9d5e-f80415eed8c0,Low,0.92,v1
635b6fb1-0712-4af0-b612-81e94e0e32f5,46f34285-e5ce-4e45-9679-a135ea3a5a65,High,0.03,v1
97d4debf-f04f-48fb-a6ba-8c896f94bda2,a8652cb4-2d8d-4794-b928-5e8d822d48e5,High,0.73,v4
6417545a-eb9b-4e3d-95d7-d2d226271cb6,859fa498-8387-4faf-8b8b-ce836e8edb40,Low,0.42,v5
b7f3a35d-b061-4c3d-8a16-f8c9a00dbf9d,3113ca13-6b5b-4cad-9e61-03e4aa1dc7d5,Low,0.1,v4
830737b6-4a47-4a3d-ae13-4622273e0a12,e7dec990-8735-43a1-8f93-99d573724ea8,Medium,0.93,v1
bef905fa-62cd-4550-8277-1b4b169b6d1f,0027f979-60d5-42f7-9256-6e4692cab54d,Low,0.79,v3
92bdee92-c0ff-4672-92ae-7a75947a9f59,9c0c1476-7c6b-4a03-9903-90947d6d0f0b,Medium,0.47,v2
80099de9-f0b1-452d-ab31-d506625bffa8,8231f67f-6b40-43ab-992d-e9513aab066c,High,0.02,v5
42c5d8b1-8881-4bdc-a417-e3b3c7a9e053,ffec99c2-0342-44c9-8b47-33330a9dbe6a,Low,0.42,v5
a8618017-7528-4ecc-810a-d814cc939eba,16d3114f-ec45-403b-b66f-3ee30de6a466,Medium,0.47,v4
c47401ac-ea62-477d-95d8-1c559533e5bd,f3f0975f-d6aa-4a98-9af7-1755c0ed15db,Low,0.67,v3
77f1bc7a-35f1-4ef7-adfe-1a79db9172c9,a1573354-beb2-485e-99af-5f101c82958a,High,0.83,v5
b538c5a9-ffe0-4433-ab22-d2347a910146,5bd5d03a-77e7-43fb-82e1-8aff745da780,Low,0.61,v4
3f24628f-06c9-4673-a242-9c76d8e3b133,0707122d-c40e-4401-a597-25133c844f2c,Medium,0.45,v2
a4cc7090-456a-4d1c-bed0-55e2f039b17e,ab7dcbd5-69d0-4542-bceb-62433038d8f3,Medium,0.87,v5
4c69da7e-aaae-4083-af13-8ded9ce8eb95,f73d447f-827f-4a1e-bc94-b06cf2b90056,Low,0.47,v2
30f8e0a6-1274-43da-9882-88e0c21cad36,6ec86400-5210-458b-bd19-03785f275680,Medium,0.95,v1
78b59f4c-3a6e-4a6b-b461-1ccea32ccf74,fd4612ce-3be0-42b5-b259-db59c5644eb4,High,0.81,v2
2e436466-5366-49d2-9a12-cc437e9e939f,7333ad60-bc2f-4572-94b7-4180f8d0cb94,Low,0.82,v4
e554a85c-9e80-438d-b273-1a1962cd6737,dcaad79e-0fae-4736-82ca-29ed77f92366,High,0.38,v4
30993e3c-0b19-4a39-bf7c-a8f98c14cf1b,b1ae4b85-661e-4367-9e58-2e1618b48bf9,High,0.63,v2
70edafb2-69be-43d3-8be4-6df523f8e281,9ef6cfec-0aa5-4ce8-b8a0-8b27b8ddd7e5,Low,0.77,v3
546fd842-4184-4a60-8dca-dad561fbdd5b,7448dac5-b0bb-40e8-b544-6e1eeb21ae76,Low,0.57,v5
8a75ed34-a02a-4372-a5b5-cfca754c9ffc,a67ee49c-1ef1-4188-a899-d772207f4621,Medium,0.51,v2
049599ab-6425-4b42-8f2c-a672717a9864,1570bc0d-5eed-4d24-bcdc-616513416eba,Medium,0.52,v1
d16ef3c3-4865-4d0d-879e-9ab2919bda82,ae1c8231-58c7-4ce7-93de-5c827bfed49d,Low,0.1,v3
d9353a26-2048-4f62-9e8e-606261e77986,62f6d70c-8a0f-4006-875e-97750600cc2f,Low,0.78,v1
8daec096-e12f-4443-9e32-78f4979cef82,ac7c68ea-defe-4e1f-b643-5dce15c324c7,Low,0.16,v1
96f8e2e6-cf8a-4cdc-aa98-b8410cdd358c,d6e7c698-64bb-4bc7-a284-45e1a2404cb8,High,0.19,v1
2011ad39-f47a-4704-aaec-8a09066bbb6b,5d1e1e0c-f28f-4c04-9d68-8d691118ca4e,Medium,0.15,v5
cf369645-17ea-4c9e-b8e3-38d33cae351d,bc0eee2a-ef55-42eb-b6d4-2e43145b7871,High,0.41,v4
1868dee3-3989-4f13-995c-370c830df1ab,ad15694c-225f-4fd5-94a1-fca3b0487254,Low,0.46,v3
f95cbd88-ab1a-475a-b3af-c168eda1fcfa,670b97e8-9f84-4a72-982c-206b2c09afc5,Low,0.77,v4
182c35df-42a0-4b2a-b3a1-e942425d5402,23c74b7b-73ad-404c-a085-f52193f33033,Low,0.55,v1
c22818ca-c81f-4c68-ab53-50f33066f096,4dabfbb0-f368-43f7-a084-65c6a0acf146,Low,0.49,v3
efc85e76-0a79-429c-a308-416e660d54dc,981a40b9-cf97-47c0-af0c-eb52dca777eb,Low,0.36,v3
e64ca31e-c3fc-4e7e-b933-a4259ef27d3c,1b26f3ef-ef45-4c6d-aa27-78f727316348,High,0.58,v1
92a65408-a0ac-4393-86c3-11639d8c17ce,05885300-18b8-46ac-bfe2-a28949951a64,Low,0.72,v4
5d9835bd-e0e8-4e1a-b7fc-9b23f465d2ff,3ac2fc1a-b7e9-4c77-81e6-3019c9d99e02,Low,0.42,v5
58d58587-6137-404d-9792-1f99cba6533d,6b4112eb-4e6c-4ec1-babb-a1cc6b0fda94,Medium,0.15,v2
93886154-f9ac-437c-a5ef-06e877e72ece,f085ff76-7b23-4845-b93f-eaa5800f28f5,High,0.36,v1
1a3d74cc-9a51-4e68-88e9-f678ad2aa6cc,3672efee-b01f-4de9-af26-508b60a1febf,Medium,0.02,v2
bcf97370-af46-4acc-b62b-5bc5e62777b1,1194a2c7-428f-40f9-bd6c-c3590110c53f,High,0.53,v4
4ded6194-2e21-4984-8aeb-46663e318638,3682c997-8965-4c15-834a-0a95e1c60ff4,Medium,0.82,v4
14f81cc4-dbb3-45e0-9104-35cfa387a5c7,5b8adc1a-ad6f-4ccf-aae2-6cbe027b8016,High,0.08,v5
ce48a3db-b32f-4039-96e7-65ffaac98687,58f2c3d8-5964-40ab-974a-0c3ec830865b,High,0.56,v4
629f9e25-182c-4c4e-90d3-d7bbd3ca3d57,68fde01d-6d19-4447-bccf-8daa650a5619,Medium,0.81,v2
87f3fb61-9d61-477c-aed0-abec7ca21c45,e9634dc2-6525-443a-870b-13dd18fc8871,High,0.04,v2
e463591c-868d-42e0-bff9-a2c79db05103,05f1ea5c-3d6f-4cd6-9dba-87dcc0d75383,Low,0.84,v4
e72ab208-a093-4ed9-8bc2-ad735448333e,7669cd82-af2e-4da9-9e13-d91058679f07,Medium,0.12,v5
59073e58-508b-448a-9e64-2be276c5be09,ca569099-c746-489f-aba7-657320955133,Medium,0.84,v3
2cd04eb0-9770-42c9-80fc-2b7a9544f428,16c7e462-4af5-4849-a3b6-fcc487daf182,Medium,0.23,v2
1b4f2922-c113-4515-a40c-17e1dfec6b92,32852bfb-8ac9-42b1-8d59-83057b1ada0b,Low,0.92,v3
1f4286e5-10da-4c91-8452-abf58e885833,c1e0ed6d-3a5a-4ee2-98fc-12e5798f2fa7,High,0.77,v1
097c0d95-a18a-4e09-903e-1e60daa9842e,965376a6-b200-4b8c-9f56-fab9759106fc,Low,0.34,v2
c831c834-f142-4c04-b46c-8d3a4dd66369,28f26fa5-6995-4a51-bca9-05ab495c1a92,Low,0.45,v1
31ae4d19-0e54-4534-8c9d-00133b856b1c,f576c2d4-edcc-4d0f-a900-bccdd8c802c0,Medium,0.68,v5
f4fc1706-9e4c-48aa-9fc8-6e90fba3f58c,c5b35a5d-2085-4817-934c-0175c91a37b1,High,0.67,v4
218bc2a7-44fb-4956-ba07-43a4fbf85ad3,b3770203-aa19-4157-b3d6-6dc95e268ea7,High,0.3,v4
66a1e0d9-567b-4819-a24d-c746abecf911,d6d6eb69-3478-4749-b85d-4846f62dd851,Low,0.73,v2
9e6a9d87-1196-495a-824c-37553dc90eeb,217f97c3-9a76-4bf7-8e72-1424e5d1b839,Low,0.44,v5
84053d1a-02cd-48b8-a6f6-bcacb8d1c97b,bb41342b-97f3-49ae-a5b1-41ddeae2f0ba,High,0.91,v5
da54a2e1-3ff6-44c3-9a83-64adc30013bc,a16f325d-0b1e-4827-99e5-a2f5e15d12a0,Low,0.51,v3
b84f835c-2b7e-48bc-a825-ab133717a562,8e48ac42-aa0d-483e-8359-817d39bc844d,Medium,0.49,v3
c20f664a-6a3a-4759-ab4b-0349fbdebefd,b1ad3c54-895a-4f22-8aff-0536af2d1a3c,Low,0.61,v5
fb54eb62-a741-4ca9-9dff-ef58d8f17b97,88e7ad31-fc2c-40e5-994e-142577a5bae1,Low,0.79,v3
39439ddd-09aa-451a-bf0a-031c261caaf0,da0aa5b9-6d60-4c1c-8225-d49c1f3697ff,High,0.12,v2
28aaa031-47d7-4ba3-9dd5-c3df2641c2db,818fc62d-1cfb-4a68-ab8b-426aeb0640c3,Low,0.81,v2
8cdae84b-330d-45f6-80ae-6305a5f93c0d,93aa4a60-b98c-4f84-a736-e9a8dea4f317,Medium,0.43,v2
0656f7c5-406a-4b7f-a6e3-6e2dd6e2f794,bd11ba98-2a8b-481c-acd5-dc7b9e814b17,Low,0.94,v1
5597a6c6-a97f-4f92-a733-58cac5009618,98b95420-ef61-42dc-a55f-bf246b813886,High,0.67,v5
0039823f-3561-441b-a367-9616858729b9,ac7105bf-fd92-4b9a-a76b-0d2bc0db53dc,Low,0.49,v1
796f8760-9b41-4ba6-af65-465740d2a969,1d2a79a7-0b65-45f1-bebc-671fe54c741b,Medium,0.66,v1
639e3504-27fb-4fe0-a426-928e1600fe5e,4d3a98c9-8ce0-477e-a7f4-4857978dc704,Low,0.9,v1
8186bc26-126f-4463-a38d-448cba89258e,46369c03-c13c-47e1-a18b-6cce6af974b4,High,0.94,v4
e4b08536-1abc-4123-9f69-f5e88755b484,26e9bedd-bd57-4237-9b9e-ca2d04e2bc46,Medium,0.78,v3
e82b062f-8027-4532-b2c5-898eb9f771e6,e4cc8598-1823-49d7-8e6b-021ba3fe52c6,Medium,0.43,v3
d7223c63-24ed-4b19-a195-d03b1a8e5a21,58c85e1d-0abe-4d0f-93f1-37c39ee8540e,Low,0.23,v3
782bc1c9-cd97-4b46-a683-1952116fdfc6,222c0125-b6d7-40f7-9b88-d8570b799ebe,Medium,0.53,v4
b9420e0c-9468-4e5b-abaa-e5a8ea10b6a3,72a83155-8678-4f47-a7ee-02ae8178ae82,Medium,0.49,v2
f1b2b67d-cce9-4cc9-8e69-2df3b09270da,519d4db0-38c0-4bc1-b4cb-b45538f46659,High,0.77,v2
e3ada312-cc58-4324-a982-5545d68afe84,93208992-0f5c-4b89-89ad-b8da96bb30fc,High,0.46,v3
ba325c3e-2c4d-40c8-9e72-7b1b3b1c8313,54108d1f-8c37-48fd-8918-ff8e82e472fa,High,0.4,v1
156220e7-062c-4999-8642-91191b337140,3fa980b5-1374-47a8-942a-65fec94ead02,Medium,0.07,v1
1a25bdab-a2e3-4363-aed9-fa8c9e715de8,5d5dbcc0-bd12-4f92-939c-0f6f1f59e74e,High,0.62,v2
fc8419c0-d3ca-42c5-b6b5-1d6a171c8693,e5a2b5a4-449a-4152-bb37-93f2493d2d7d,Medium,0.05,v5
43a75785-f5d5-4e1b-a574-822526f9cef6,a84162a5-354a-4f66-910d-dea0c71bfb15,Medium,0.83,v3
2ada14cb-e7db-4ca1-855d-19305184844b,8565945c-b94c-4da2-90e4-17950cf2d652,Medium,0.21,v1
a1c00265-5935-4d4b-95b0-25b9d08c714b,041b94fe-a200-4a50-bcea-66ca7235c17c,Low,0.7,v5
a58ee3cb-c643-4e44-b91f-6cb565483b61,987b3f89-7bae-4c30-aedc-4fc07f33ab0e,Medium,0.48,v5
c31dcfa8-e24d-4eb4-b08c-3b4a4ebb6d26,e4da6902-aaeb-4238-b601-79ff18076292,Low,0.95,v4
a8497746-37ed-44f6-8570-ec4edc319ff2,0f13ca3b-7152-4289-9b69-4831b0a7810b,High,0.01,v3
e791524d-b4a2-4c70-ae30-bf18597a2068,585bbc58-bd1d-4148-83f6-57293bfd5f14,Medium,0.41,v4
ecb60ee4-fba2-4687-a3b6-d30d5cddb11f,9d647c0e-3a51-46d5-89b2-8a82857f80f4,Medium,0.57,v5
cf127897-202d-4da3-b005-720efc12f978,ae65ade3-0d7b-452c-9f0b-5d9097e2f607,Low,0.46,v2
fb900277-588f-4d82-8b4c-ed98175a51ff,13bd0d99-ac2c-4363-974e-2769fd66c408,Medium,0.27,v2
4d32e5a2-e2d8-4366-a7a1-b2008a3a221c,fa75f2c3-8017-4a2c-928b-270b914c6a09,High,0.6,v4
b6835beb-54c2-4dd8-bf0b-7a8e3a30a577,b621834e-75b5-4e9b-bafe-c3531594ac9d,High,0.06,v2
4034a26a-0925-4df9-9066-f907b9d91904,aaa8dc76-de7c-431b-a149-672335f6d11a,Low,0.81,v5
889c2cb2-907a-4932-b75c-b3844ba6241f,8fc9895a-05b8-46f8-b1b1-2bd512591fc9,High,0.28,v2
016de945-fd1a-4def-aa40-5f8d82a6fb02,deeadeb5-0584-45e9-bbc6-350da0ea4d71,Medium,0.87,v2
5778434d-63f4-4311-b14b-6202cd5d73d1,a6797031-51db-45fa-8b51-fd01cdc57625,High,0.18,v5
f1bab558-fae2-461f-bd80-1a53821f2b98,f4ffe5c0-8fb4-4068-b767-9f39d0cf8d1f,Low,0.13,v1
3df390e0-a0cd-4c83-a551-9598da09932b,5c30be88-dcaf-4717-ac7e-308e19843f73,Low,0.59,v2
1e932a53-45e1-44d6-8e1f-e78c5ba9314d,04aa47dc-be27-4780-99cc-3e62e5153ade,Medium,0.58,v4
5afa8794-8f3a-4f53-ad61-b4ebc351d55f,af49dcc6-2b21-46c6-aaef-813550622e01,High,0.08,v3
f7e0a536-f186-4a82-9dea-5b6860b39018,3191ecd8-cc16-47f0-8559-112042159ec4,Low,0.27,v5
7a466444-ffbd-4079-b8de-0c3dda2c2c1a,416e0b8c-6230-449e-b074-a4685325512d,Low,0.33,v1
fdfa562d-00be-4164-aeef-06abfedb1051,a14467e5-0446-41f2-bd84-170e85e2b706,Medium,0.56,v5
be74694b-c766-4228-88cc-e90130529fc7,e714fc6c-8960-40c1-b1e4-427e3997b47e,Low,0.68,v3
1d917a70-acf7-480c-b5a0-90b8a7690626,87e20e78-2161-4141-bb73-a3e2568558d0,High,0.79,v5
ae1805fc-f64e-4182-a594-713733ca33c6,cb690050-a77f-4b56-8ca8-a8ac2a3e94e6,Medium,0.23,v1
04518172-e3a4-48ca-8848-0bd9d835aed0,acc03bf8-37b9-4b69-8cb7-af4b06cd285c,Medium,0.86,v5
d2f160e9-dc10-4118-993a-8dd948c1f431,5a30af3a-c2ed-45a3-8e70-938b8cf2f2a4,High,0.16,v4
1ea6ab27-569f-4b26-bfe3-54b10d03367a,328d1cd4-da66-466c-bb57-685962be854e,Medium,0.88,v1
3e6c1d74-bc9a-4b80-b445-64766f1c29c9,fe79b552-ade3-4bb3-8790-af459ed192c6,Medium,0.21,v3
95914c59-d762-47cf-837c-18f41d95096a,c3adc6a1-57ca-463f-ad5b-c3ec61e7e923,Low,0.38,v4
1899e83a-0a0f-43c4-90a7-2ebd2b24c224,857e9fe1-b157-43a0-9afa-c4a9645a49fb,Medium,0.9,v2
f6941530-bc6b-4298-b9ff-dfe64789a465,89c857df-9fa9-4cb1-b5b4-919dbf3dff1a,Medium,0.56,v1
c343cf46-67e6-4c82-8c2f-9965bd2c8f9f,a5d5e8d6-310d-4654-829e-58d283a52600,High,0.75,v1
b55f5bd7-9a40-45ee-b2ed-57a20168a298,73f820c3-4a50-4532-82fc-0367a40b349f,High,0.99,v3
791a1365-d815-4282-b909-1bc865acfab5,f1e273e8-9655-4ad6-b4e6-724061a4bb9c,Medium,0.17,v1
adecc599-e818-40c6-891e-c4d3b2535146,58a7a292-df16-4b27-bc81-f06efed21167,High,0.81,v4
b0a36a1d-9015-4099-b15b-a7845246b1ea,9c089edc-6806-4ec3-9b7b-b5068dc6306f,Low,0.48,v1
14827692-1240-497b-a379-dbb424363185,e25413a2-7d35-4131-bc47-a91eb92e7ec5,High,0.78,v5
f220589f-c4ec-4419-a49c-222701138737,d99b824b-8f46-482c-b982-85a174d35b10,Low,0.27,v5
c9b521ce-d857-492d-9ba3-bc27593f5114,4603b62b-7055-49eb-8d76-9475e08c63aa,High,0.71,v1
cbfa6544-38ba-4ac3-b8d4-71becd3bcded,59a9bbc9-f541-464f-bdb9-a5f317c018fd,High,0.33,v3
45fa9f70-e24b-4538-aff9-b1dd8d61fc6d,cae37634-8db4-4ed2-98e7-8f310244fdd4,Low,0.46,v3
21593471-b060-491a-81a9-9aa3b376689c,0a0f283b-3bb6-47d1-94a5-d4f1dedbc103,Medium,0.06,v5
4cc6d8ab-5866-471b-95b9-1f43a8227b24,9bdc9290-b544-4bac-aef1-8f79bcbfc7c5,High,0.49,v5
c09d49b9-4903-4728-b16c-e0d974b13e3b,ea33c70a-fef5-43e0-8a99-d25d849bb642,High,0.79,v1
dbb2cfa9-a68d-4fb0-b4f9-1e2e518197c1,a65f9d5d-76e3-43c0-8504-f4e2c0c7b03d,Medium,0.91,v2
ee52cb1b-edf1-43e7-86dc-bb61a1d1796a,26c51e36-8b5c-479e-acef-93d4aa47121f,Low,0.94,v1
2ef2ab9e-68a4-4afd-a3f1-197cb075754e,361481e1-5058-466f-b2b1-dbc2ec29e721,Medium,0.72,v2
9c535097-4de8-4f48-b0c3-7df849e3f16d,f0e87ba9-c868-4e65-9cc1-3a5875ca526e,High,0.68,v4
8491bcab-ee12-488a-96d3-6f4856471f19,fe9814e7-8ea1-4633-b956-155f228fc6fe,Low,0.89,v2
f3395716-cf65-40cd-a874-6beaf887ea13,bbce6761-a433-452c-83a9-ac2af925e893,Medium,0.92,v2
96f8f120-51d6-484d-b08a-3ee1eb4672b8,c4356e85-ca69-4749-93fc-f6c041c9b759,High,0.22,v3
6fea8af8-0358-4d7a-b674-3d32edaa6aa7,bd2c65b1-decc-43b7-b296-0ec3ad549437,Low,0.84,v2
4577309d-09ef-4024-b83e-42c742db3f97,64c9ef41-9349-49ce-b0f6-5e8fefd08290,Medium,0.04,v4
cd713d42-52fc-406d-bf1f-8eb996cbbf82,04a87d90-0584-407f-8247-f073f9b57260,High,0.66,v4
a2a9def2-4281-4a2d-a3f1-983b7b3e01f5,898ac796-b942-4d76-9bc8-b1e9187aa039,Medium,0.47,v2
fc1e7cd2-5fee-478c-8658-aae36f18a9ec,7f099285-87a1-426b-8989-5f319fa427a8,High,0.32,v3
9d756524-159b-48e1-a5cd-76f21c8ed5e6,7ff9cc41-ca3f-4d41-8d40-c89f7329d1b9,Low,0.94,v2
b557d841-37f8-4b99-b5db-720419595b16,abfa3b72-3292-47e8-8253-5cbe124a415a,Low,0.21,v5
9c6a2537-558a-41a2-8789-e81d508e0f75,7d51fed2-680c-485b-b30d-0b5f111ea372,High,0.32,v5
1df72bc4-0a79-4a02-b58b-a481e70d142f,9f94d58c-092a-4388-9c22-bbb0688e7ac3,Low,0.4,v5
3dae5c98-f798-4ed6-834f-991d0a66d8d7,2232cee3-039a-4c76-8bc2-982312567472,Medium,0.8,v1
5e03fa9b-7ae4-4b7f-ac1f-637f4085e62d,11f68238-88e3-46df-81ec-fb6306467cc8,Medium,0.36,v4
da080d9f-93ae-486d-9264-78033eb0946b,53aaeafe-e91b-4d20-aee7-baa140eacd8e,Low,0.77,v4
5ca3f533-211a-4a05-8052-eccef848dfec,b4ed20df-a985-4ac7-9ef0-c3108b9681c6,High,0.41,v4
3843e5e2-c404-4d46-9024-aeec5080943c,a7b826e0-24cd-4001-85d2-cf76f28ef5ee,Low,0.11,v2
11252001-2ed8-4ffd-98b3-29c36f3e92e2,09b5ca64-41fb-41d7-abc6-dcbeb16489fe,Medium,0.88,v5
7f67de2c-0f29-4ac8-a98b-134c96526b73,25904fb4-0ffc-43e1-855b-924bed183967,High,0.89,v5
8f645814-4f18-41e3-9552-2b7a7a3ffd25,95fecc87-630a-4354-8d24-9bd8915c2b65,Medium,0.04,v4
8a824ea1-dbf0-4a1a-8ceb-03c5eee6da9c,15dab88d-514c-4dd4-b28f-4516e2dcfe38,High,0.29,v4
060c7313-e9fd-4e44-9f95-5738a77382db,f242662a-ce9a-4c96-9667-b6392fe09ded,High,0.15,v1
5ad366ad-9abc-4353-8dfd-a63efce61633,a35c3888-86f1-4ced-9477-bb175e31b7ed,Medium,0.46,v2
353bfc49-6dc1-4d56-bae3-474dffafabb7,a530d32d-4a5a-4049-9edb-3138b8296cdc,Low,0.78,v5
e0cd72c1-e93a-46e0-aaf2-de133fb35473,ec5bd017-d5e8-433b-b118-6563ebfba155,Low,0.5,v2
260055a1-16ec-4c6e-98e5-cda6b744dcf8,1b675c6b-aed5-4ed2-a384-77c8cf9dba94,High,0.32,v1
c0f4d35f-408b-4956-a3ec-9e00efd1aea8,370e27d8-cac0-4a94-af80-96f6aea1e6f7,Medium,0.1,v3
18e4b834-ff39-447c-b8dc-1c14aa38c9f9,b6661660-ce97-49d4-8ce7-0fa3f8ffad6b,Low,0.04,v5
66458539-db16-4810-95fa-eb164c12c1d5,d9e21574-b8a9-4c36-a271-91ca91162fd4,Medium,0.77,v5
f65f527c-8b2e-4a16-aed4-8ff4ed0292b2,3cafaa55-3940-4ddb-89e3-fd647a6b2d8c,High,0.53,v5
e73f482c-2df5-4cfa-8bec-06b843ed7ad1,1503320f-22db-4799-bc2e-55d26cba09a4,Medium,0.58,v5
37f8c5bb-0e30-4fdb-b3e0-f38568013b9a,6c07e94f-d182-4898-9d40-911412446d39,High,0.83,v3
c1bc0bf7-8f48-4552-b9e4-274dd88a070e,10d9596d-d1de-47b2-95de-5a367c22d33f,High,0.34,v2
616cb1ab-550f-474f-a24f-565959b86c56,0704e09b-c101-4cab-9ecf-ce33a82c986b,Medium,0.87,v3
532c4e66-b6e5-4dfd-a946-3beecf05b0fd,b9c8ea83-1456-4052-bfb1-8de49a4c0b42,Medium,0.45,v5
808bc5fd-91a9-4556-aee5-6565f34d6187,4dce3f07-a907-4598-87be-77f6cff57b1b,Medium,0.52,v4
a25e1887-4089-45c8-96c9-fb77879e07e0,87aa4f9b-6f2d-4055-8c54-fd782a82f8a2,Medium,0.26,v1
2d5a5cee-786c-4a9f-91f9-5811f139d90e,11b949d7-6e44-4538-a741-aa773d3a3a13,Medium,0.17,v1
745ba31a-84c0-401e-aed9-81fd04ea9244,8941b5ae-9a05-44c8-9cb8-c0dedd9e1828,High,0.67,v4
5ece11a1-f60e-4dd2-8a8d-a13efaf8b86c,85fe64a7-cfba-4456-8658-d69120395a26,Medium,0.13,v1
ec64046d-d44b-4709-86b2-6821fa6753ad,17478478-675c-4ee0-9c7b-179bd08f0ef4,Low,0.8,v2
b1f04470-5fbe-4da2-8538-fbeeb004099e,1e676f10-6a47-46cb-92aa-3df038314156,Low,0.94,v4
f62bdd86-c41c-4b81-bae5-f77e62372014,69ab1ed1-1e24-48b3-b154-e5ade06ae2a8,Low,0.85,v4
c7800f4f-9fc4-4687-aa3c-b4bad49d3920,78802276-5070-4044-864a-e0a37c9b12d3,High,0.48,v2
eb70c426-61ba-439c-86f0-898cc0c9a57c,2b532871-3eaa-4931-ad84-e1d6645bc706,Medium,0.58,v1
bb8a91e7-48b9-4650-9c6d-c87a6401da80,27fe726f-0f87-40f0-89d4-f26caaf398f3,Medium,0.49,v4
0ada199f-51e8-4e98-884b-bdc108636ab8,c185e83e-d9e7-4f2b-b0dd-b75cd1d438f9,Low,0.6,v1
bda6931e-edf7-4460-91dd-5802d0b30816,537fba1c-0ca0-444d-981b-7f82f464b043,Low,0.59,v3
cfd22df9-532d-4194-892f-21f0bbd131cc,aae56bd9-a965-481a-b662-02a1cdf98c90,Low,0.35,v3
5b71974f-8250-440d-9288-3085b5d3fb8e,1ffb5805-8531-41f7-9ac8-d33b52ec166f,Low,0.92,v2
1794e47d-00cd-4b99-8e3e-bb3f44a7f51c,f823d7f0-4643-401a-a4f3-682ff71a185b,High,0.48,v3
5eb266bb-5ce4-4c9f-9801-beb3ab4b6c92,cbd56234-aa5b-4e6c-b9a3-d28845d8ccd5,High,0.55,v5
5f0de621-aae1-4240-a611-67227cf680f7,286db018-cbde-400e-aadd-c44a8a400b53,Medium,0.91,v2
22392617-de06-4767-aabf-89fd5ef673b1,3f3dfd21-1734-4a98-8a69-7d23b40c73bb,Low,0.66,v4
3e3c85b3-f2db-4d50-842d-d7678e29e0c6,01a347e1-8cf3-4f15-9016-d1431f79d2bc,Low,0.52,v1
ebaf01f7-e33f-4b2f-8947-c74d38564a43,3780f949-bec0-4263-9560-1f6c34a9ef47,High,0.51,v1
86a83a34-ee76-4018-aa1c-e1b5eee8b706,87b6f42e-5cd1-4a4e-ab12-0b9e97b8acbf,Low,0.46,v4
4a699d92-807a-4d81-9f6a-9508ebc909ee,48ce6b46-dd4e-44d3-a485-e70081bfd8a7,Low,0.83,v3
93affc21-cc99-4d53-8d9e-ae2a319723fc,6646faf9-3574-49f0-b3ff-798a625f8625,Medium,0.1,v4
2d8caef5-99ce-47b4-8560-24299bd43c48,ffa0f50f-af1e-432c-87cf-90a0b612c39e,Low,0.8,v2
a3952087-7edc-44a7-85c1-b797ee6de03d,71c68780-ca33-4887-bac1-eee6ab6774a5,High,0.57,v5
8ed9c7d3-23be-4587-a457-8f7d06ad728b,ae73ce96-5331-4501-b68f-5bc24ecee02c,Low,0.61,v2
5539a3ae-9f56-466c-add2-8268c35cee07,5c261e7c-b7a3-4f9b-a034-ccc24bf8dee9,Medium,0.84,v2
e2a7d0d9-e8b9-4988-9a90-442fb7290a63,70940a5d-c126-4800-ae77-2fa109579bb5,Low,0.82,v4
2c4af7c4-2483-4fc1-8da6-bb98023c17f4,e5eafacc-a1f8-4c07-b510-cb5dcf40dc9b,Low,0.45,v5
d1172497-2769-43c7-98d2-194a3ff00c97,11d4bfb1-7d66-406a-bd2f-7361e36e9b44,High,0.65,v2
ffd9891f-ad57-48c9-a7e5-b3fc3cf43d01,1a7dc5ff-138c-4259-ac6c-dd5fde49b070,Low,0.47,v3
020bfad0-4f04-49e2-bfac-a770f55265ce,0380812b-87ad-4b57-820a-e56755e93592,Medium,0.67,v3
c3dc25e6-ddc0-4f82-80c8-ec8688deec41,c208c12b-3b68-405c-af69-23a710b8c6fa,Low,0.59,v1
97fb6e2e-71e1-4aea-a04c-8d1dc96ca494,d8ef2c52-fd2c-4e91-90e8-d5c4ca9d5b6f,Medium,0.96,v1
5e3e98b4-bd16-4212-bba6-2e3248e4a5f5,5a9f9ce0-9b6d-4ee0-856f-ec5c331fc4fd,High,0.48,v1
62233a4b-f849-46cd-ae0b-81ceb096c914,afad0334-64dd-43b9-aa8b-9654e93d5b06,Medium,0.99,v2
026d2c46-b7aa-4449-9f98-0e04442eea20,c9d59657-2f42-412d-b099-6af404bad7a9,High,0.82,v3
a0ec8c1d-875f-47ff-91b2-55b8d587c2b4,02f2ffbd-5d27-4763-92c5-4dcc8d088ece,Low,0.67,v1
42bbb60e-407e-467b-8552-9ba397770ec5,3b6c0fb5-c0b6-4982-b8f6-f810d82d128b,High,0.59,v3
c3c03ce4-ffde-4a57-87a2-6889ae857adf,2845d51e-3f79-4d57-9e43-72e5ba8b0974,Medium,0.57,v3
d213bc5a-6c6f-4cef-b385-789d1619cf32,2af4d700-e22a-475f-ae6f-ddb00c45d6dc,Low,0.84,v2
138eb4b2-5175-4449-9d77-352e2e5d5759,d25a7f53-2d4a-4e38-840d-f06a1b095a91,Medium,0.07,v5
17503dab-a7c5-4a0a-833a-28c19615928a,9002392f-3acb-4bc1-b7ea-d21d34005575,Medium,0.52,v3
3af08b25-dead-474a-984a-3ced24cc3ed8,455b492e-f4ca-4606-981d-4a94dcf852dc,Low,0.58,v2
42b2c954-1a2e-4a8b-8cfd-4e469abc0539,9ec51d71-3bf0-4d8f-a532-51faafa2ffc1,Low,0.19,v2
b3c99165-6791-49db-9ba9-83c82a3dd8e8,d61fb957-e00b-4568-8dca-419f026ca62b,High,0.31,v3
d406a887-6a98-44f4-b6d8-d47c50ba82be,f72e3d81-5d9a-4e8c-8a41-dc7d3bd5d83b,High,0.21,v2
7fa86951-95b7-4421-92fc-5c3a3b9a1410,bfdab28a-c194-49d3-b187-c9e4be6d2d27,High,0.86,v5
96181942-f153-497d-8d54-4e85819fc249,f4dcdfe4-e1e6-44ea-a2f0-2721f0aa128c,High,0.78,v4
63ee483b-522d-4a71-af9a-23cfc779df2c,e09ef752-2d29-4773-a8a2-6e3782b079ad,Low,0.18,v2
02302a8a-37e8-4fde-b16f-0b3e0faebc45,69013e21-504f-4aad-af09-b32fddfe8e5e,Low,0.37,v3
82a1f74b-3f9c-4fc9-8ce1-44143d46e9c7,6a66836f-661f-4ab0-a6e1-c297e2f52581,Low,0.89,v5
8addaec4-a5ad-4c99-b381-616d0f6e94b1,2dd040f5-6e55-4fcb-bdca-5226a434d110,High,0.06,v2
dc1c4a93-f9b4-4f94-be69-18a1a2bf3258,3027763c-2f43-40f2-b1b3-b15f954870a7,Medium,0.85,v4
167036cc-f267-4478-9d8e-2380a90f858a,2884599a-6850-40fe-a9c2-793e3a86889f,Low,0.63,v2
1d0ca6b0-eb93-4858-b7a0-7c84153ef257,fe01b588-e291-442d-ac90-50a20a9c5681,Low,0.84,v5
e8d9145e-b355-4c1e-a546-c356b2ab7078,84eba9df-2b19-4bcd-ac70-7d3ad54c27b2,Medium,0.86,v5
